Antigen	Antibody	Competition_Index
SI06_H1	C2-3-G03	-0.288653100103609
SI06_H1	AG2-B02	-0.191490694127642
SI06_H1	034-100809-1F04	-0.207893326265702
SI06_H1	AG11-3F04	-0.663678516078334
SI06_H1	31.a.55	0.335421484665033
SI06_H1	041-102909-3G02	0.16450410119145
SI06_H1	045-09-1G05	-0.394254325614986
SI06_H1	009-10-1G06	-0.148680724456079
SI06_H1	C6-2-C01	-0.176389256813039
SI06_H1	220-14-IgG-1A03	-0.00124948675759846
SI06_H1	C1-2-C06	-0.134919937476924
SI06_H1	AG6-3E02	-0.264354397818027
SI06_H1	C6-2-2C06	-0.300137602524078
SI06_H1	051-09-5B06	0.112880000365191
SI06_H1	051-10-2B05	-0.603836968159464
SI06_H1	009-10-2F01	-0.528803988221211
SI06_H1	034-100809-1F06	-0.578042314295046
SI06_H1	051-10-2A05	0.709390539071601
SI06_H1	AG11-2F01	1.17758617499224
SI06_H1	028-10134-4D06	0.766524749371817
SI06_H1	C1-F02	0.770707991749525
SI06_H1	FISW-k.01	-0.89935124672354
SI06_H1	AG13-3B01	0.111797771361352
SI06_H1	K77-2D08	0.209037107501711
MI15_H1	051-09-5D01	-0.84154089790937
MI15_H1	008-10-5E02	-0.410159330911823
MI15_H1	029-09-3A02	-0.585366150829478
MI15_H1	SFV020-5C05	-0.218637676938144
MI15_H1	150055-023-2E04	-0.545807634270307
MI15_H1	014-10-3A02	-0.676725776258917
MI15_H1	31.a.55	1.7893909518851
MI15_H1	150055-029-2B03	-0.305337039564714
MI15_H1	017-10-5E01	0.155964985362116
MI15_H1	045-09-1G05	-0.417075027662965
MI15_H1	009-10-1G06	-0.415444696906621
MI15_H1	C7-3-C02	-0.598373821615417
MI15_H1	037-10-5E04	-0.237302040636308
MI15_H1	220-14-IgG-1A03	0.121230478560641
MI15_H1	236-14-IgG-1F03	-0.729171613297615
MI15_H1	01.d.04	1.06251644377294
MI15_H1	042-10-2D01	-0.589238972938418
MI15_H1	236-14-IgG-1A06	-0.469633230767343
MI15_H1	014-10-1B04	0.01490255472461
MI15_H1	009-10-2F01	-0.982663351155698
MI15_H1	013-10-3F02	-0.717793785761698
MI15_H1	028-10134-4D06	1.22867145285934
MI15_H1	FISW-k.01	-0.0871805857712878
MI15_H1	029-09-2A06	-0.221795872831735
MI15_H1	045-09-1A01	-0.556070760373378
MI15_H1	AG11-3C06	1.6552891120507
MI15_H1	2-12C	-0.565454906453584
QH_H5	AG13-3G01	-0.354581183987608
QH_H5	100F4	0.384101507487531
QH_H5	56.e.01	0.00913846929649246
QH_H5	C7-3-C02	-0.0857694570438429
QH_H5	3C11	0.217083813014648
QH_H5	01.z.01	0.234573842754078
SH_H7	K77-2E07	0.280748138651291
SH_H7	017-10-5E01	-0.26147348329287
SH_H7	045-09-1G05	-1.1119606415986
SH_H7	037-10-5E04	-0.723674329317035
SH_H7	01.z.01	-0.820096802398082
SH_H7	01.d.04	0.352903954560081
SH_H7	042-10-2D01	-1.23574599872508
SH_H7	W85-2E09	0.751449084153035
Phu_FluB	042-100809-3G04	0.664412727006689
Phu_FluB	R95-1D06	0.562900281469199
Phu_FluB	R95-2A07	1.05683419627749
Phu_FluB	019-10117-3C04	0.117539093553218
Phu_FluB	AG13-3G01	-0.429491243529114
Phu_FluB	011-10069-2G04	0.0342168995343469
Phu_FluB	C1-2D03	0.228349493267614
Phu_FluB	K77-2A04	0.838940521788203
Phu_FluB	AG2-B02	-0.161903650507979
Phu_FluB	AG11-2B01	-0.0607297177393626
Phu_FluB	R95-1C11	0.755300404049246
Phu_FluB	034-100809-1F05	-0.509572604781285
Phu_FluB	019-10-4A03	-0.320033509257741
Phu_FluB	R95-1E05	0.44651643857171
Phu_FluB	R95-1A04	0.725441586973466
Phu_FluB	017-10116-3D04	0.0562945626354568
Phu_FluB	R95-1G07	-0.172966398619236
Phu_FluB	AG12-C05	-0.468753751751766
Phu_FluB	K77-2E07	-0.056504930166586
Phu_FluB	034-100809-2E03	-0.984966249515793
Phu_FluB	037-10036-4D02	0.646838604135592
Phu_FluB	R95-2A04	0.298177023350179
Phu_FluB	019-10117-3G01	0.342574969111201
Phu_FluB	C1-3E05	-0.0662256614176761
Phu_FluB	K77-2C09	-0.0879431982955009
Phu_FluB	K77-2D02	0.295454184035989
Phu_FluB	W85-2A08	-0.288038498794989
Phu_FluB	150055-037-2G02	-0.535641212426712
Phu_FluB	R95-2G10	0.605734874268304
Phu_FluB	R95-1G10	0.265726705346099
Phu_FluB	028-10134-4F05	-0.151397061581383
Phu_FluB	AG10-3A02	-0.141964852990164
Phu_FluB	K77-2G11	0.00240852748364285
Phu_FluB	R95-1C09	0.891316511280386
Phu_FluB	AG11-2C03	-0.761868246830254
Phu_FluB	C1-2E01	-0.134062590353345
Phu_FluB	K77-2A10	0.0487316307517065
Phu_FluB	C1-2B06	0.0900092171686476
Phu_FluB	R95-1H10	0.0690640741756134
Phu_FluB	W85-2F05	-0.119228968068768
Phu_FluB	R95-1A10	-0.460682137878705
Phu_FluB	AG3-D06	-0.259033438461846
Phu_FluB	AG13-3B01	0.213735420585215
Phu_FluB	K77-2D08	0.163344706849245
Lee_FluB	042-100809-3G04	1.24077572640307
Lee_FluB	R95-2A07	0.341609909335657
Lee_FluB	K77-1F06	-0.29159695942099
Lee_FluB	150055-015-1D02	0.0818428202586768
Lee_FluB	011-10069-2G04	0.969064458765533
Lee_FluB	C1-2D03	0.960682857750032
Lee_FluB	R95-2G09	-0.0184051338478663
Lee_FluB	K77-2A04	1.42270974631052
Lee_FluB	R95-2F07	0.134452528178296
Lee_FluB	R95-1C11	0.146984182286716
Lee_FluB	034-100809-1F05	-0.0078961001396072
Lee_FluB	W85-2C10	0.180969019329315
Lee_FluB	W85-1H07	0.317703158226219
Lee_FluB	019-10117-3E02	0.00195230204309978
Lee_FluB	019-10-4A03	0.0646879388413581
Lee_FluB	R95-1E05	0.620653406856223
Lee_FluB	R95-1A04	0.744861417598209
Lee_FluB	017-10116-3D04	0.789850372122436
Lee_FluB	R95-1G07	0.798442913296727
Lee_FluB	AG12-C05	-0.0297995802903003
Lee_FluB	W85-3B07	0.225523330192811
Lee_FluB	K77-2E07	0.285133885939417
Lee_FluB	K77-2G04	0.337021363459062
Lee_FluB	034-100809-2E03	-0.701439497930598
Lee_FluB	R95-2A04	0.424680834539456
Lee_FluB	K77-2C09	-0.0222545650937309
Lee_FluB	W85-2A08	0.164520632729546
Lee_FluB	024-10128-4B04	0.201048018356993
Lee_FluB	150055-008-3F01	-0.279588088681966
Lee_FluB	150055-037-2G02	-0.153129643344799
Lee_FluB	024-10128-3G04	0.372707987746437
Lee_FluB	R95-2G10	0.997176383922306
Lee_FluB	R95-1G10	0.355660176289414
Lee_FluB	028-10134-4F05	-0.098569123936793
Lee_FluB	R95-2A08	0.140108615320864
Lee_FluB	K77-2G11	0.928279631742
Lee_FluB	R95-1C09	0.214439687934065
Lee_FluB	W85-2E09	0.298234234856395
Lee_FluB	AG13-3B01	-0.0412323948692806
Lee_FluB	K77-2D08	-0.00110142076218787
