name	Full_HA_SI06_H1_avg_enrich_normalized	Full_HA_MI15_H1_avg_enrich_normalized	Full_HA_SP16_H3_avg_enrich_normalized	Full_HA_QH_H5_avg_enrich_normalized	Full_HA_SH_H7_avg_enrich_normalized	Full_HA_Phu_FluB_avg_enrich_normalized	Full_HA_Lee_FluB_avg_enrich_normalized	Full_HA_H1_stem_avg_enrich_normalized	Full_HA_H3_stem_avg_enrich_normalized	CR9114_compitition_SI06_H1_avg_enrich_normalized	CR9114_compitition_MI15_H1_avg_enrich_normalized	CR9114_compitition_QH_H5_avg_enrich_normalized	CR9114_compitition_SH_H7_avg_enrich_normalized	CR9114_compitition_Phu_FluB_avg_enrich_normalized	CR9114_compitition_Lee_FluB_avg_enrich_normalized
W85-1F04	0.3899848425931004	1.0110240709537999	0.1777942019618661	0.325992512923271	1.2710411979508023	0.1018324651057776	0.34972768306886437	0.43854156309150377	-0.1902553589547031	0.2959165014442293	0.7697971446821552	0.9381860133389273	0.3216270908544652	0.47170082135423325	0.15838277278961083
042-100809-3G04	0.8389797234893995	0.4396273646055171	0.6242064472926181	9.218722089247448	0.11921429747714853	73.11459721344048	135.675435812804	-0.44297993941506114	-0.4588543198443907	-0.21547665179767928	1.2117700677025052	1.5214203219884315	0.770686771791549	12.725807511623909	1.3362165275245383
C2-3-G03	118.33715928455683	-0.5114708693793102	0.034293413698306435	0.021795382846827305	-0.582204015225708	0.9126496020333283	0.19329107067408172	-0.6688670194867157	1.337236878091688	171.73799576931444	1.5058841167961847	1.143197648609985	1.0235547774531732	2.794569436235361	-0.030975513865793523
R95-1D06	-0.1248106998013725	-0.08354280282338811	0.04545571146949668	-0.021357381382783563	-0.011089575846468299	9.721911808083663	3.6312566069730727	0.128360029725644	-0.6137716986248827	-0.1886038273458508	-0.14529101617554455	-0.5048442652303575	-0.7834087487835393	1.510411225444531	0.4155208470195125
SFV019-4E01	0.6803612164347032	0.7928976096323702	0.7997918301717422	0.3233370511798101	0.7121166744530492	-0.086844575989477	-0.08254619464669931	0.16850904916443157	-0.2400303268857683	-0.009249695186267878	0.19313733266656513	0.21110156177849446	-0.5960663585708775	-0.3409168849962004	-0.33996175052843075
051-09-5D01	0.9061847997660937	0.2849382151184814	-0.3664609638872319	0.09906286500961027	-0.3264974562638935	-0.2609756142127337	0.689542681542895	-0.7027259685834327	-0.42996934273326415	1.8325237587848515	42.65957583530223	0.50338355874968	-0.4229560015488978	-0.3280657380106217	-0.6455118545170909
024-10128-3E01	-0.13515164081718123	-0.2549921968031844	-0.20271241810228263	-0.2698344166968382	-0.28462460477991897	-0.2123472035217198	-0.2945538719605764	-0.49827964051805146	-0.44088425955386057	-0.035998093030070774	-0.0716571617471522	-0.03140000071696289	-0.5684054281068921	-0.21798912514647045	-0.10970543657631425
R95-2A07	0.4488229076483883	0.7106668186978706	-0.17822293337997916	2.694679537188877	-0.04957482584353052	9.456663278379004	28.716066217349937	-0.17110585355413965	1.4356054910649052	-0.21523370676520998	0.45350002818673785	-0.3929502935135506	-0.6007754491740108	-0.1345762197300496	3.7657158385911753
K77-1F06	-0.12607008448934282	0.2952283477444635	0.4113950520593007	0.04550402154383191	0.06222722128797339	-0.4191156818427807	20.69604734265783	0.004301772104776001	-0.5123489156510304	0.12792801890125138	0.9463139774379705	0.2568040137441993	0.7915877532051684	-0.043074086788045	16.251155991602435
K77-1F11	0.6524738902813948	1.1107354131929852	1.0883282006858372	0.294306286804633	1.5308062591411526	0.2421677274358829	0.19355626273042234	0.19942536736649877	-0.08769676928711027	0.4750517302490301	0.8251334344997838	0.42784702664847574	1.5911434513334775	0.3511387223721551	0.2998530223540608
019-10117-3C04	-0.3642221491674543	-0.40288075085937786	-0.3238617555631032	0.25504025283899157	-0.7371236578404489	5.976877370553179	3.163929535954406	-1.1255623738608713	-0.025999111568276265	-0.7547075907490093	-0.3527100730052254	0.21360344667199263	0.47443174539079874	3.3510603695036862	0.02548576724148487
AG13-3G01	-0.04909863940500348	-0.08696408805065002	-0.18602925682910798	73.95785595207639	0.008014551501121622	118.60290785750358	2.623997108843497	-0.6739025077034464	-0.7977707177841813	0.9826300508451397	4.5920372640523395	152.67847119727944	8.109953370563217	272.3855574034245	2.5570319143761884
01.i.01	0.1342044991481657	0.3836740595148772	1.8701311075653275	-0.2756027884930882	0.6495009330162557	0.1614600766563329	-0.2695468941038098	-0.14245578258538488	-0.08504499575633637	0.29568899722935377	-0.128652352713853	0.11043493741146244	0.6630304871846397	0.018527894321339396	0.6362606467805647
W85-3B09	-0.12932058925389928	-0.4032803338750177	-0.039423330309578716	-0.2634595283040179	-0.18695223775908243	-0.282922199212243	-0.30131934701478363	-0.12286888176320951	-0.2931080720552011	-0.23770567972644452	0.0019641944760380755	-0.22775575385506672	-0.326392426429158	-0.2941876865441822	-0.3531585951775914
008-10-5E02	1.4694335571276056	0.5179021791728363	0.467499775928821	0.00891192870497773	-0.4306643591354314	-0.2948949664716644	-0.3469987218895916	0.8264519185877478	7.990715001476281	4.446990786793086	17.981325926009195	0.6292742419077975	-0.8411730155238281	-0.27315825331669924	0.14444747523633011
029-09-3A02	-0.15746896837738003	1.213138649029616	-0.06504778361697618	-0.054757775600439415	-0.24477239720596577	-0.3475451147647835	-0.004083794145617508	0.5399813376382222	-0.1271635179747008	0.4115260824207594	38.92079158529316	-0.1836478467936563	-0.5546035694758207	-0.33305725996142327	-0.5157760743925223
014-10-1G06	0.5920691580767469	2.2835296575848267	1.1938505953362641	1.598634747022342	2.270626429353561	0.6761785704869132	0.44742108467119507	0.1441632979032468	0.2953087245842562	0.7366581321039078	0.17539311784846934	0.7497359182444193	-0.7362743668890658	2.0011494061133024	1.207583777984136
AG11-2A01	-0.5133079691112038	-0.4602620691330609	-0.47016621267496905	-0.5605430931089517	-0.6063651821082304	1.9201918161471832	-0.32723682401916276	-1.2204903878177913	0.16116712427835186	-0.36487704506098195	-0.0427910079015677	-0.7968095967641257	-0.605135794194677	0.7825919589058464	0.09597711319441685
150055-015-1D02	-0.3108287054738119	0.45387467697479195	0.7834601296693186	1.2438290709439637	-0.060614730428304966	0.29444249306550374	258.3921794029974	-0.4591166409698386	-0.6685906269853668	1.8673974500223767	0.9554513538012067	-0.2703487016990847	1.332554537630992	1.1860934493332869	92.8889490416691
011-10069-2G04	0.8337646620425253	0.34767192093317245	2.2934587438961334	18.956365528981408	0.25680361438447724	56.6232205697951	69.71774494646274	3.469737731230754	2.0471598793434502	0.011054304060522106	2.995081770059774	6.887873008746376	1.067112222888823	44.186576093769055	1.2112807116805995
SFV020-5C05	-0.19856508406415724	0.18249985016331394	-0.06117257797812978	-0.3048398786127342	-0.1487715954945928	-0.29404838235661745	-0.07148891672771454	0.37772794828310363	0.18947131473907208	0.20476141787135163	8.907366358836537	-0.029730191543438228	-0.24549843745586486	0.06739628965549105	-0.4733369243076741
C1-2D03	1.0996990558799682	0.006497236397796274	0.0647591318951376	5.698994566662993	-0.3662099375756648	47.605157388859034	80.36519434131718	0.33033097611992396	0.28632332808912764	-0.1735100872839729	-0.2773576871189394	1.906939109551203	-0.4122397365703392	23.392943784267104	1.7929245374970886
R95-2G09	-0.02614168294530195	0.22140035754380374	0.4147058991426829	0.07805038399232728	0.23434981245118533	-0.27952365758300435	14.173205903795612	0.18410398655416865	-0.5089559275341321	0.46735735528253625	0.0774900112639628	0.3980294783394036	-0.34856968758479073	0.08095959982735686	4.653356776274363
K77-2A04	0.11152794316595593	0.9645219007524712	1.1823964289292574	18.942488443311877	0.614035080780818	107.40276947436263	153.84867470232902	-0.4779767299113862	-0.4769073639297788	0.45096546694575296	0.7669806300588604	4.404589283247599	0.7227116040810124	12.4618309139578	0.45419874773175206
36.d.02	0.1438580069611893	0.4335451202755932	-0.16005708401096586	0.33263386096632197	0.8247637104066355	-0.06748106501231216	-0.3519344788887621	0.032988846760090285	0.06760850738985402	-0.5029017319649945	-0.2694472448366257	-0.0042207279337423175	-0.03188751774427195	0.05176087654859295	-0.23293997582035353
W85-1D12	-0.541000878740382	-0.5867354901032756	-0.20469292305858527	-0.6073100095518533	-0.7061814440438221	-0.4834274959142629	1.960287438798737	-0.08430758174538519	-0.10647065668590497	-0.5248082278627627	-0.4402632714327153	-0.8172825963093556	-0.8400841122631969	-0.6241465768508085	0.6268392626032157
024-10128-3E06	0.7479930499540627	1.0005667240875709	1.1497296831113017	0.330742239683617	1.0871348695302976	-0.0033504068330282603	0.234900142329928	0.3070336789128054	-0.2189609245462714	0.034853802476296394	0.2881494901485584	0.5977955895479402	0.08491340024306214	0.5663069650412804	-0.2793655326736287
AG2-B02	232.7419026903701	-0.17243029451421307	-0.09305169165217955	2.1798901569908633	0.0959956415664787	8.627823630203933	0.5438870322368071	-0.6499822256307175	0.5375541082096253	269.75899826060993	4.177571828285749	3.2663922169161257	2.721102884512167	10.457322883646995	0.06463155104205409
01.e.01	0.5532736204320059	0.842879262974488	0.47791125706589416	0.11176599029682092	1.3306838116124018	0.028674475969066537	0.08717750471793441	-0.19147342056274877	0.12003039749137831	0.48690745618437	-0.03199029242720907	0.09059596427687644	0.3835847001086336	-0.10960597297751731	-0.48157481443445654
01.f.01	-0.2143015516894229	0.108966042943545	0.6654941356250235	-0.2225459477990798	0.22924587941629965	0.2475397956393334	0.35378869864756984	0.09806836225461567	0.30122470870412205	0.39320255366210666	-0.36243436761853365	0.10044814472598547	0.2938997121326945	-0.17239376071854443	0.050718024825442715
AG11-2B01	0.13533640357052854	1.306665584070789	0.9314576257945691	15.82052525600055	1.7483266074096897	41.71770363349468	0.33843066264051264	0.8590403947646856	-0.15294869787490883	0.8889758312899547	1.5249067170099364	7.549761587583963	2.0315683434098717	40.57253200477561	0.766205344992315
R95-2F07	-0.16448091346305369	-0.5883277415126663	-0.15444583746970322	0.29910797741199996	-0.6716674539288077	-0.36681014956107244	71.07955896163922	-8.975110287551807e-4	0.7550530359146763	-0.09206607436595612	0.9361892349834254	-0.47172886770151656	-0.535181293058805	0.2876778617246752	21.143811024363686
R95-1C11	-0.16273193543281542	-0.29635269857186125	0.025664646487752737	1.648443635220317	-0.26550031335752056	5.201492842334787	9.421014059283564	-0.9847218918316797	2.7389963210480617	0.3035432292095386	-0.12939694805974017	-0.8053952717058173	0.006402969158240216	-0.02337027208853059	1.0038361849900688
AG12-3D05	0.8406809162665648	0.9869935430020192	0.9381881458040987	0.2127339332179108	0.9152727608441832	-0.16358294783970304	0.10547136470234555	0.07057001923556422	0.11702330899896922	0.17726640583357764	-0.14944877096030038	0.3850175681318303	-0.0357222273842681	0.22805540551167927	1.7352919120404602
034-100809-1F05	1.8298937247951528	0.790488484464935	-0.11866049755657804	4.279019600979543	2.166150599465514	23.67292173317765	51.704239014545706	1.8788625754897228	2.0363416566838186	8.78695619498011	6.095177463813894	6.345123517584076	4.462071718560898	65.86745833996292	21.427615015457693
034-100809-1F04	110.72687555621187	-0.08486277225715495	-0.27029814004219443	0.29732038618077344	-0.17260182950539368	0.6195299032090452	-0.041524522853618365	-0.5940957039086756	0.4232026831286387	133.25480191473213	1.7702749705257326	0.5851809348153791	0.4413764125987592	1.0256160519955633	-0.41617525455639376
AG13-3E04	0.41545484954614365	0.595913363712302	0.3544116682885751	-0.05998988038101442	1.0652269600473352	0.09892770684891351	-0.1648149592943086	0.17774043592921263	0.4594967420839676	-0.21391460110901314	0.061595264604588994	-0.13921749479800477	0.006178930917815483	-0.09914089165313907	0.5083239892885575
S5V2-52-Ig	0.13250510880525224	-0.3691575326839644	-0.21819555791025708	-0.1533533168537791	-0.34440115584336384	-0.3353078531042112	0.1709024821506051	-0.6166281704118615	0.2985907975045759	0.33169670772001586	-0.40894658848884075	-0.09640813796925415	2.307291855910293	0.373982339633637	1.0453653343665397
W85-2C10	0.1228254106436172	0.974360285848867	1.303166620366662	1.3481112604582406	0.94325671833216	-0.02701484065634398	171.55065139302505	0.16648009339902267	-0.11147435193486235	1.3568774130409191	1.4647145479122996	0.24941284884806608	0.6378057181793894	0.9286809817066756	48.12980636424163
W85-1H07	0.10653060439710679	0.3346403553603177	0.7398203766436888	0.42640548820111146	0.8678410425533006	-0.02663020521320357	46.33136279094156	-0.42631524962146305	-0.4451430656165467	1.380269435305381	0.3566363853439127	-0.15914642284465436	0.5179931920765245	0.2207915056007394	7.855328069206201
AG11-3F04	4.396235409364982	-0.1388275200694573	-0.1265301679244986	-0.2658554145333626	0.31871368362014874	-0.31670851336247124	-0.14572677183753874	0.8218753665356403	1.1934187678237538	16.826574317542967	-0.17961428951927227	0.04287018882387177	0.622195249662874	3.6758612006711216e-4	-0.05359045118217048
100F4	-0.5544958308793977	-0.33117133946715466	-0.30050716868938	48.00428579012348	0.1804034088407794	0.03637313011597257	-0.14675734046054306	-1.0325545593845689	-0.7625812813781436	-0.28286138450447323	0.3851986647650905	16.911647176196627	0.196970830024564	-0.4937274779382594	-0.2898507633828504
56.e.01	0.8277054164498884	1.4363716257613848	28.672117726099124	48.470542845131696	0.8457634691391261	0.024467075955387666	1.6865607428290346	-0.21022621410539838	-0.5307791224717365	0.819993458731249	2.7077378881767706	42.50158487603874	3.6602446401197835	0.7563723262997525	0.7920863183577547
R95-2A05	-0.5320646258578485	-0.6943292029647724	-0.5518446924168727	-0.4398603343543987	-0.6880921672706332	-0.4217119641427897	-0.39211821417520015	-1.277229679717988	-0.7398593081085396	-0.061873056606100624	-0.31009605458652095	-0.017740796076071055	0.03137785255972958	-0.3371726520294987	0.17717393380780405
019-10117-3E02	0.5819790013486018	0.044784683576429625	-0.15100179882540435	0.015113022306278588	0.40853727577006616	-0.07384979037102521	27.51292519313758	-0.04504262602711833	-0.4479523251826189	0.09074890577915262	0.23082235340492688	0.009082986790811222	-0.01007426018758122	0.021253596421885818	10.22749839082246
019-10-4A03	0.700999865249793	1.0047945638009619	1.05833798270264	1.61949367686551	0.25610917326700133	20.71869927243865	186.88073410139543	0.7483913126774008	0.012736280674973639	1.2317877284456347	1.1400355871509023	0.5724982251497295	0.3821287822739786	36.993962942676504	69.41357844072606
R95-1E05	-0.5780857810349141	-0.7432246876233568	-0.1005961626348805	1.9235979173575173	-0.7391218671777701	19.928449668271256	38.87991326174747	-0.9393948388045046	-0.7531702751536152	-0.19768121336126937	-0.4954903765890566	1.2722614304982227	0.6145916687460052	5.360502702897049	2.049733769120448
R95-1A04	0.24123175891628576	0.1699130112178339	-0.39396431214386596	4.550620754772229	0.21269362926943516	17.438463054948095	41.352282689961406	-0.8695996096753665	-0.17245310910471778	0.5970882173231506	-0.2756126294075956	-0.15884596340339235	-1.1103122339523024	2.0025012984358317	1.2072240541016475
017-10116-3D04	-0.12132417190717275	-0.13257407125731419	-0.2750547098512662	14.416639942758675	0.09938300226911558	26.63730172919762	55.48805918123328	-1.148234405398346	0.6525436925499584	0.511163436644062	0.6784319997631275	3.5679530048802763	0.27195524495105233	19.477602389379655	1.8950805002565407
R95-1G07	0.6586804004322709	0.28266629921114095	0.5753900320509597	12.064840345110428	0.03266078961483803	100.53662653528373	181.48270464517452	-0.899867502773961	-0.7296186304580969	1.0198242134981181	2.3867649187574043	7.883998760950015	0.9572037021109179	127.53923378085358	10.696870762965364
AG12-C05	0.3985759129941747	0.26453333153297326	0.02509587464636213	3.890954976254198	0.4830797710254889	13.907871918054125	23.801476564447075	0.027639938326831055	-0.0874415233457894	-0.006826697863175805	0.3861723546321378	4.521493505372649	0.44092256295638627	35.36027392939187	9.403337275595037
W85-3B07	-0.1303804231053106	0.08373843194024588	-0.36424158157055625	0.015892919942960885	0.21415010359032563	4.2997461393336085	13.241653277283236	0.45173610552992643	0.19270287578426062	-0.09372606076337657	0.2604227378541613	0.03256383004838082	0.0508401767592584	2.345086430469799	1.4926683958329794
K77-2E07	1.5205058748067661	1.9810333727684015	1.3714546935447232	3.7804809598342333	3.16480461690844	44.40279989297091	125.83149252209626	-0.0765363845942717	-0.24157513544842582	1.6393053404710232	1.5093230597899685	2.032046829777223	1.7429753384116002	42.780644950810604	26.904248788550834
AG13-3D02	-0.5324736096293591	0.7314464784858024	2.221584329715967	0.3241116245744771	1.0065111481578013	0.3290342646940448	0.37922127724161697	-0.23075994468321415	0.07029570584228567	-0.5666935745053838	-0.2957377458017533	-0.3675930845831252	-0.047384448959936966	-0.022001947673744752	0.19123420193979807
008-10-1C03	-0.23958127070654064	-0.37102430779347734	-0.42088875124528496	-0.2688959006411572	-0.3251219854403376	-0.30168380044990006	-0.31849808276463765	-0.4048291385723405	-0.7109391725120194	-0.420513517870126	-0.20846854146917945	-0.6017202796915816	-0.04977083407907765	-0.11599690329227688	-0.03859037245030828
150055-023-2E04	0.2681229156069645	6.542866551381209	0.2394425086356196	0.29833441186754045	0.3735969464834855	-0.12726833499063364	0.21475159438014732	-0.23465838213568677	-0.3064309510215989	1.0497437352672119	117.1125137986685	0.5961440758864348	0.06575702924510647	0.01577502187597261	-0.6846694097615158
240-14-IgA-2F02	-0.5459122893810481	-0.7255656181501184	72.70026753546966	-0.29544177573195063	-0.6180319920940666	-0.4193438208814203	-0.11701806470087592	-0.397055198599828	345.23569832856106	-0.44447834495919736	-0.3825217525675552	-0.827272979244513	-0.5716377680841959	-0.4555580690501396	-0.7672473839610544
W85-3C08	-0.1107362525537138	0.18359202788291684	0.4024824325512122	-0.2579111510694461	0.5872603619781405	-0.15210930096588612	-0.2017661141219128	-0.09000063129629776	0.09220343878629049	-0.13828713049667335	0.05515975568121201	-0.4948080078747455	0.11752886262140255	0.01356134985898439	0.08303833803280648
014-10-3A02	0.12765954269784285	10.484397660836429	0.36175871486361644	0.5757397075648933	1.6130516239709314	0.3660086409081805	0	-0.12934982384258056	-0.3004666531257837	1.1283513738806872	240.17113865874654	0.510068351088216	0.9804402623433032	0.9651691890673438	0.1763374093948844
AG10-A05	0.466420796873756	0.31954626820912424	0.1706566165549242	0.36848792846906836	0.2909351949429662	-0.2294936801650168	0.022721889787959165	1.074137957283812	0.6817760470423422	0.2821499640373035	0.3443407571583583	0.13863394399871487	-0.23522013213305493	-0.3080623031533803	-0.26698671685853215
W85-1A11	0.563135179543489	0.7005014979805736	0.5552687407574454	0.32073032985235905	1.7005752260033982	0.013388653797545664	-0.17466734530595557	-0.05563364204853769	-0.47782240597541953	0.240014036873903	0.5865456812337497	-0.2897218975933733	0.03408864814894665	0.054725445470762205	0.0201709862682487
16.ND.89	-0.09488256858069688	-0.3398475522327421	0.17169836439804465	-0.22939397796890193	-0.4091757921307154	-0.26446778881181443	-0.3293237244270925	-0.6290970007011304	-0.40182624629892294	-0.05119157585535688	-0.1125088662778564	-0.149070820543808	0.2783556604472093	-0.4018920755675248	0.2817944301545747
K77-2G04	1.2191521625371586	0.1035548063268679	2.388372534131777	0.5874827810408754	-0.28372416059962824	0.8322271263091673	43.082636079415366	0.8422709311458361	3.3369633479617216	-0.6916938804826132	-0.1599522965345092	-1.1584293444147482	-1.4073948256889848	2.023789524258247	6.758333330710122
AG4-C01	-0.43502345801388886	0.24445093941703022	-0.2722142248943333	-0.4058324448027831	0.22893392167615056	0.2073378560735778	0.25403754499376613	0.48859935507858243	-0.18990170921972063	0.5353290811270741	1.3338926499038413	0.9288277626732652	-0.18684859339929002	-0.061114557726978484	-0.22677251049960254
AG9-4B03	-0.32012498535614947	-0.24194739381829064	-0.20284253387218257	-0.17774567087817486	-0.06734255615356792	-0.30364497061494833	-0.2015283008288004	-0.7469824492886061	-0.45878037267950134	0.06940382727395625	0.3951396183814421	-0.03847191490905528	-0.4725915194148855	-0.23544556551317644	-0.5537708248095136
236-14-IgG-1B03	-0.5476162853439971	-0.5979208594660607	-0.5169344621061593	-0.5209090681721366	-0.633831847700354	-0.27658160993037345	-0.14334321428267335	0.5096431756027929	1.4152705091867896	0.06922342805557534	-0.11283287928672586	-0.8805462207957712	0.05504419853808488	-0.46271834819629004	0.44340928552045533
C8-B04	0.7879555718155452	1.8435987880052773	1.3624310810571678	0.6610043538524669	1.8750220706451117	0.2520306831197251	0.2865132447706535	1.1468267328430404	0.41761107405920145	0.13282142371363634	0.3683000441676204	0.28029034316669843	-0.19171038827395487	0.17671684871900395	-0.4289203792111322
042-100809-2F04	-0.24433529576082574	0.2185391653256988	12.842685827020556	-0.05806498099780845	0.5347486201254074	0.08021321698307686	0.0011085933469097455	0.5268914030892372	47.90067856098841	0.12903793834568145	0.4033758806651911	0.42612368726517813	0.19214051081111902	0.3087242164186282	-0.2308727810075291
31.a.55	8.945046954928026	5.791177419825362	299.36954486749767	0.5162179907641169	1.3009938766245006	0.6412156051218986	0.7107870817992834	501.35988094547827	207.24783576597795	2.3161764011848036	-0.1902146949538195	-0.05486514917155309	-0.7812618119398695	0.6812963781506188	-1.2699925064857478
01.ad.01	1.18785367009138	-0.3395747960835685	42.56223381878876	0.18868385109583205	-0.5718090950109653	-0.23504041676429613	0.25053123127643584	0.22629360654814773	329.27167142062984	-0.6440746638534188	0.3135179703448269	-0.7124362598529556	1.195186427943261	-0.07414958436854908	-0.12499249976195925
FluA-152	1.5689147674664403	0.31600947364538834	1.5865581845167556	0.7809613505610847	1.3142069480471117	0.3619089133403294	-0.1091995438305763	1.0460535094472596	0.3202536644200614	0.4472032441301772	0.5798990096864242	0.6825230017678943	0.7196624226859867	0.874410416385938	0.46355905586429663
034-100809-2E03	-0.14405127721143635	0.2875540036536088	-0.4663112933420049	0.5462062403629191	0.8261345373567285	5.6426648308096565	11.519915655999858	0.31718180573892446	0.26055017112535167	1.0046626092525694	0.2938199802729325	5.807729627296095	0.12807326166798624	49.961142625490425	24.652496759520133
037-10036-4D02	-0.559497072460921	-0.3131628172045701	-0.3731897396516061	-0.2020981393030371	-0.2826077691674242	5.3683364325206755	3.47119393653114	-0.6229228837030852	-0.6383385987059993	0.6953111532298429	0.307852001015087	-0.32067570894474945	-0.28405183634745507	0.2522835639604439	-0.17385497827587862
034-100809-2F01	0.6447161404482902	1.6118764118988478	0.9086354812262446	0.40460957602860875	2.7273662917485013	0.2966607579322126	0.13906182957400126	0.13312059483473307	-0.2627546647772191	0.42793083909446256	0.5495823487379947	0.16899543403610176	0.45432765403554287	0.214476949487846	-0.44223517017262487
041-102909-3G02	74.03164273630598	0.835083351500344	1.8622188242155644	0.8028088882715136	0.8366101898737323	0.3870567484151335	0.11483964871545868	1.0493701108623927	0.33816768428297367	37.18509119570878	0.697707469177436	0.5739112145133252	0.20223266259802736	0.7551483287374442	-0.5484400579414525
K77-1D03	0.049164544765558975	0.30262942099976553	0.11109959422443412	-0.0401688097480388	0.582318931839885	0.05692521788295652	-0.12678766493652047	0.22815245207488774	0.19876632127497568	1.0962850325602338	0.499811848613451	2.7043283788520425	1.634689814364045	0.2596237430431744	0.43570352419507563
K77-2D01	-0.5685336287770353	-0.30069008679918463	1.035885478545036	-0.3215418178131028	0.22336799901990503	-0.3786694097418696	1.0528953026654109	-0.2666035316683838	-0.18851582988879356	-0.7256351816150266	-0.49824061644890877	-0.25065753277039116	-0.1324485625424555	0.0043951410485918215	1.300993248064335
W85-2B12	0.10256424356804122	0.11937715858226229	-0.16594913664906355	0.02444083521322008	0.23203720585157314	-0.10389555976190133	-0.11488267534874194	-0.6479220674249583	-0.6943881850703596	0.059733057052133304	-0.014801505205054617	0.10669077254193585	-0.15278960890277873	0.034022353086274076	-0.3697069725220872
01.o.02	0.1974550995172296	1.1936511070676827	1.1007979786718198	0.8868142558260432	1.6479754065979932	0.12426867738718396	0.0658741022153291	0.627888919647478	1.8835121057759083	1.868837765790841	-0.10717301645865096	0.6889785881705711	2.6128675799906524	0.9687543818331371	0.28852812976562486
150055-029-2B03	0.24166222788843386	2.8988739292416734	0.4874443531834575	0.4190091706022696	1.28723047946359	-0.01355405922034835	0.1722776870698366	0.13880902746563986	-0.007735305296215563	0.3539321417404292	34.94347853112638	0.3596575713415607	0.11259671088460696	0.19793476408294333	-0.6405503570925964
56.j.01	0.5132552359326051	0.25368914431268114	9.948193967698362	0	0.5321402243530323	0.1696015963065396	-0.07888084733196231	0.5721247284105548	342.889009529626	0.36499473210457967	0.37801220512276557	0.42131825886956503	0.5457268358996044	0.5480565285539718	-0.2637932150806063
024-10128-3F05	0.18878180477752046	0.4443649610273764	-0.01599691185249249	-0.14112878417665223	0.45233715403406616	-0.030136383515170093	0.0697284381486747	-0.6461065376530031	-0.05012867872435826	0.7133606388047717	1.5167072904890342	0.43433692777770677	0.872017323289689	0.095580172390584	-0.12005683111331067
R95-2A04	-0.24510949875979918	-0.014648610542236266	0.4322375570715328	0.8834505552765018	0.03362650836518748	6.091696979480032	10.842591940515963	0.16444273021902933	-0.1566409494243135	-0.4398774072281045	-0.008225119394185756	0.301708671969005	-0.2780628219118481	1.9600043349305967	-0.23966239118140775
019-10117-3G01	-0.2663971230320746	0.5242899263737457	0.1504103307079299	1.0412283950038133	0.9589517231295495	16.595788340209978	3.2357905373669715	-0.3144275185006416	-0.2548146864731242	-0.2557925519387382	-0.11883087420411048	-0.060954173508502886	1.116005498693619	5.756357277418535	0.3589234766787245
R95-2E02	-0.23435438541204928	-0.33687981906503944	-0.11142896498771726	-0.09910636439541425	-0.3826752922801236	-0.3361669224891272	-0.4163388223783113	-0.530746889194988	-0.3089401367448604	-0.5978627295716086	-0.3007539832441957	-0.5694999359085875	-0.7082310687330903	-0.5467426984716063	-0.13605737583182845
C1-3E05	-0.3577306416075278	-0.44511783291055895	-0.40211291288342493	2.6382609316023977	-0.2822245567103379	36.73558267734191	0.12981885473401036	-0.4623935999936023	-0.584056450606247	-0.17974227008392474	0.014229245342451626	0.5263154307560741	-0.13590471744360255	36.14916060751078	0.034255444169912705
W85-3G10	-0.09113525563775908	1.4283818749382446	-7.367128205045773e-4	0.9862680608712588	1.6384860638759637	0.1148373260264794	-0.2510381051672239	-0.02886837742733122	0.41813552054119263	0.36464067203585576	0.12434237937103713	1.3448466437469522	0.5829296166675624	0.1528413934453745	-1.3461515541824003
K77-2C09	0.30228217958868375	0.17032615305329218	-0.23073131289933313	6.312015409763942	-0.3316267210465861	38.80186821574567	5.616728417738865	-0.19392362879474798	1.7100662940052247	-0.4527001179717187	-0.22499884753417798	1.2070036703215594	-1.2703406185650064	40.20683843419887	0.72272044398158
W85-1E02	1.1234101275685373	1.6136181881507028	1.6416601362242578	0.5182542096770058	2.516576160135456	0.16586335715984868	0.07134603620419372	0.5885640903830873	-0.04531675097672203	2.114928886211707	1.0962560195523705	1.2154455241907522	1.606723447681296	1.0320965041907284	0.11605828286703877
017-10-5E01	2.8695704249345892	3.9260901798642687	30.452078477457896	0.9333571155120458	2.857892948370819	0.3347557485455492	0.27698371758087953	0.049226811458874135	0.6243280588426269	1.9039073279409304	14.760766010249144	0.3305140135741981	10.843820772611789	0.7595604651703963	-0.5566960901381922
C8-A06	0.13727640974230532	0.27068524057485455	0.3087912965243749	-0.09125804218337112	0.3335051565873466	-0.09034730676582065	-0.17334199779189555	0.17566991161553286	-0.3024683221713562	-0.31725691348428214	-0.135360898378332	-0.3117746269712501	-0.7470223370203802	-0.25581677446101964	-0.3828570706675851
C1-2-2D06	-0.5393717494902512	-0.4649739113694383	-0.06406287735896854	-0.3407551627072381	-0.41768106816011497	-0.3586353494245301	-0.2926675367693924	-0.7183445079025026	-0.47391809336255325	-0.3912965884413034	-0.21432749183631383	-0.553222135080331	-0.02863000243737705	-0.1418159185894066	-0.4027514178170546
045-09-1G05	4.988833510566107	3.406247646716323	-0.14312359416297188	9.694076344473505	0.1483809720212188	-0.22881807363209047	1.3548767466334972	-0.5945684843260297	26.33175953687516	9.662661549971514	51.1745427379998	6.5526444170238	26.784238903584857	-0.34817082697155033	-0.3491909619789128
R95-1E04	-0.01643125596678396	0.4609275672033034	2.574047211983623e-5	-0.1128150701457303	0.3305451102792924	-0.2878797510796836	-0.14568641909833152	-0.0534340099105054	-0.09279567109455614	-0.03971796772813962	-0.27349954797975146	0.4369835011844438	-0.4699322535263039	0.1535336164440466	-0.642540933891739
SFV015-1F04	2.5484900308550515	2.0725333658480345	1.1995113687812433	0.883023383171296	2.1256138509037426	0.7125329606733541	-0.006278873298117835	0.4420525339106085	-0.053564563079829236	0.33645611596018055	-0.12300414649388419	0.2995489819401892	1.1552665833030882	0.3440996414976628	-0.34860804793840455
042-10-4C01	0.0792338765969938	-0.04038561257145994	0.1361086285563028	-0.07686119005630677	0.07786476825810061	-0.19514044145729767	-0.22200236318293512	-0.3527889504571225	-0.6013862090458044	0.19857323595729937	-0.07667561619902802	0.41912849269186003	0.18345411646423207	-0.11831009716807504	-0.37602355889076505
01.h.02	0.25271680116745115	0.28833435519334	18.31317600365278	0.11602948075100392	0.3799794030407753	0.09038796644720509	-0.04892040356740618	-0.16734618399331888	28.964448426753812	-0.18336787043940184	-0.14475214114749257	0.08563674968048378	-0.6980453755786306	-0.0012855164146771574	-0.3512854610709236
K77-2D02	-0.450141233743353	-0.629051304412985	-0.56099102392875	-0.06836593427911375	-0.5926024649992867	13.807032295755755	1.183936719886782	-1.1333970300731522	-0.6587494594119212	-0.32741760213207455	-0.5171316685419255	-0.5546348604308834	-0.6922147886457289	5.31199114741634	-0.26057117229331456
W85-2A08	0.29218540795180226	-0.0064051790189728446	0.10840703055115736	1.4096433069172545	0.2928571262538046	24.185126469902492	78.54840567117549	-0.3047823886782724	-0.245050441269521	0.6435800996078594	0.25812774664882865	0.4884259299070331	-0.0019497297052923608	40.04507949688011	21.8530214608232
01.m.01	-0.04657924504587487	0.42435029520478457	0.18754641466686056	-0.2784039675971769	0.41083855263174723	-0.25122736623537706	-0.3838125444558302	0.8406813994454903	-0.0980312658071641	0.005891969369215119	-0.03141863859307829	0.07762667300197038	0.021977236172803435	0.09278164824600499	-0.15419704022908495
K77-1G08	-0.1967396357685608	-0.3324327631058209	-0.3325916127608988	-0.5422946226014835	-0.3794826129097304	-0.029262739051095655	2.6738044242587375	-0.4255869443185077	-0.20999828614872915	-0.5085045552196388	-0.5832773551389697	-0.4941014599960552	-0.36465832501073536	1.2320517781300449	0.3053310160125149
C6-2-D02	0.3699924512119337	1.3046025751604031	0.8554410505863453	0.5189282291093886	1.4725834668846942	0.23739912619980216	0.0636699294945057	-0.09097556277011425	-0.27653474837337344	-0.004425593552446978	0.2915702167341322	0.5576576781247439	0.23116958473890928	0.27633936506599577	-0.30650516218575574
W85-2A10	0.3495707775611906	0.46090654341131126	0.37073064396534133	0.07499648619919444	0.3162273199832863	-0.11648481806497143	-0.12484910696726724	-0.12982854866645405	-0.34218798548295387	0.2225673129655202	0.27915783401438704	0.3365792398099666	-0.5201885374012413	0.029746455086250408	-0.8642344222735099
009-10-1G06	31.917461111261193	12.272903943039223	-0.23427015527796535	1.3431667304851491	0.2421419342081736	0.38447649447131266	0.5848482028952753	-0.8089084457368916	98.02142880820796	33.33309493220731	151.5789752554863	2.4169670791267044	1.040394986251117	0.19551047192525692	0.11803947109826526
K77-2A03	1.0872367019015559	1.9453358564293535	1.4170466143448677	0.6684685380324134	2.1934041553231065	0.24825732584542656	0.15534786765874226	0.1334110736115421	-0.18137215186849318	1.919733080508162	1.1618498473336838	0.3811819301132101	0.7669534500168238	0.6434038054476746	0.6110505956085835
C6-2-C01	75.39082227960624	-0.06385164708220746	0.39521764984349406	-0.1449717000889953	-0.15307982350295254	-0.01895677352477559	-0.016441168138810636	0.46059736107345467	8.869043129015058	84.28430602838354	0.31150181310812414	0.061861285338421314	0.04499287438579253	-0.2558225313728221	-1.012267787666134
039-10-4D04	0.24339698630038886	0.2018574531575443	0.6253221559165881	0.20414920237177173	0.5163892137359454	-0.1360884495828721	-0.1786316371099989	0.09790094277905077	-0.24023456138396238	0.2938129841156405	0.16165620481444434	0.16394760190902538	-0.14026794952434418	0.1588776754880356	-0.5672150924813194
024-10128-4B04	0.7721965404688621	0.02393425363370116	-0.08837193704984204	0.13966553547891297	-0.22557487798186315	-0.06688118726660978	64.81876732070947	0.2762952992154642	-0.2510683816665741	1.1554097113550912	0.7187374904204707	-0.08421877620413486	-0.7461649419878493	-0.23593230055202294	16.088832946284704
008-10053-6F06	-0.08696632520600668	-0.45339172360061997	-0.22999018386470432	-0.20379089826888802	-0.017247861166001386	0.10128165331485514	0.6490713904660372	0.4393950816076442	0.7287048428832013	0.06582399461970628	0.13139836827076234	-0.3139201929629283	0.08730912415459077	-0.09678013735128997	0.8050085331920886
W85-1C02	-0.5915932277487532	-0.14733724301687123	-0.08196125661015032	-0.5102644486035827	0.02819294348532478	-0.39959740245859554	2.4437255194802243	0.14860034674029063	-0.4852595857440081	0.7647748045947275	-0.2979037649381908	0.13797676721456564	0.17729226584098226	-0.28733573756274766	1.6345933416043334
150055-008-3F01	1.4015250689502212	1.2549344187603726	2.1624190297154238	1.1768695803597482	1.9273453699049252	0.1298394718620116	13.566520629823662	1.1643721774018065	0.6343249806156519	1.1672595543182176	1.6741208230809843	2.3802871623528996	1.5418846751939483	1.3190454729127772	9.735567084826936
019-10117-4G04	-0.6110727983171622	-0.11696774235431108	-0.3691006823522459	-0.38469320118952155	0.05130847410075446	-0.11758331038726885	0.7711010865017082	0.8024061597567174	-0.02141123451600103	-0.1320049663457488	0.27345662252467723	-0.1141667163069923	0.11920015544041662	-0.3488774161630422	0.3620962554748972
150055-037-2G02	-0.020342311014505315	-0.44494964236065804	-0.14332969275743682	0.689730334474618	-0.487241886572755	4.1704098406166645	134.05489682711053	-0.4943046415823792	1.8957215253902444	0.890071988629341	0.5763430678207747	-0.37364901586295207	-0.8839531735631612	12.873722711643452	82.70248399333381
C7-3-C02	3.995928063357614	0.7942117941031275	-0.2057693270684522	18.74340037273395	-0.31963267189611866	-0.013022405436467365	-0.21057156238708563	1.6232726853468697	5.945923968104562	4.757368814663851	32.88217836999858	20.212635304230773	-0.0833183491654336	-0.4069604203498363	1.0176649312992951
R95-2H10	-0.41452072114042826	-0.44892068046932243	0.10092295020717364	-0.37651573575578484	-0.4921082955614486	-0.37714446591854056	-0.4035259751749902	0.09671346054185939	0.027054543322247975	-0.5340326404266298	-0.48635037364305733	-0.7112977389305154	-0.41187308391373373	-0.5273665544450253	-0.2956591623715252
024-10128-3G04	-0.11906520291517404	-0.16285073098465497	-0.23147538142993912	0.06017907608133948	-0.21096713595601843	1.5767297721178206	9.553991428019385	-0.7786804455602091	-0.5387896064723054	-0.3819733842449499	-0.17259404083133853	-0.293845137868229	-0.8165109196480754	0.17736941864344014	-0.24142161438934673
C1-2-B02	-0.15818758290398907	0	0.027361461890474774	-0.4363576186711526	0.06562890792014604	-0.03340138357863134	4.412390312382001	0.01791192193846344	-0.18150877816458907	0.32645218504463513	-0.12400390243341468	0.0473237374835229	-0.14204111166466332	0.14158596844931612	3.8111795018352184
R95-2G10	-0.16657824533358934	-0.6255132933754395	-0.4481034284216602	13.542625597633664	-0.4917403831096965	29.51413673302429	67.7130576530415	-1.0013323466431923	-0.08690319997502609	-0.1791213735496035	-0.05241086362226068	0.8839873227252449	-0.7852595906970208	5.472111292157423	0.9124363912178687
K77-2F02	0.6579551840908261	0.8497040287576365	0.6343624537940629	0.03586469654340715	1.1540454025140001	-0.05171767397069105	-0.04425875060649662	-0.1869008021655303	-0.572849108883931	0.3790434127150868	0.2685559262635728	0.026670138296954957	1.3071171994702637	-0.22224760244138966	-0.3172622113457732
3C11	-0.3754387807071084	-0.05434844117716912	-0.4326856585327177	49.0950648436108	0.4923165827675759	-0.006156252630338375	-0.31571922878646047	-0.40075345889483294	-0.053127485489547974	0.22941643068324105	0.8289840117286281	26.12519881529742	0.13021904167539244	-0.30767087607683014	-0.8267243178512348
W85-1F07	-0.5616518619445303	-0.15127107515370014	-0.19874421957494098	-0.19066050171915214	-0.02802076653516774	-0.4261490541300707	-0.38372869787819414	-0.3545011282459987	-0.014727758533431801	0.025727154964543926	-0.3240880703970569	-0.09319463220210827	0.014700114673573319	-0.06950755897063435	-0.006851933430455702
W85-2D05	-0.15698081529739305	-0.034577327516947885	0.43071097730363533	-0.27760251230515803	0.3180878090524652	-0.17019172481230888	0.8962487884968576	-0.4403199752993806	-0.4709199970940686	-0.15998376866024885	-0.1919460395019851	-0.38907447440491855	-0.35706340075020204	-0.20776215173565918	-0.5007629284215438
AG2-B01	0.9366238113945267	1.812215883354963	5.50456458375841	2.6999361994284308	2.786391202067402	1.239751468515606	0.6660155558901565	1.1356512095430376	-0.6402084040037025	0.662995295365145	0.0426811095846548	2.4261748360145368	3.533784354891945	6.159392510221353	4.185728256159081
R95-1B02	1.2077337725390318	0.8935465528958013	1.1199115284881216	0.8604785037420295	0.9976184737666866	-0.03702156528528105	0.05706294453406546	0.12478652713374573	0.06825261705910589	-0.25303627757134534	-0.34184740414614756	0.16558887083028698	0.36608593868081785	-0.2601656350800974	-0.43359330854793265
037-10-5E04	-0.1295311669521586	5.68846477097984	102.07806214129383	-0.08360015107234348	0.7835136734698226	-0.11620789316394516	0.03814927090465512	0.011917347491347674	-0.28441069316191786	0.6551621354799996	50.77833340810536	-0.38786227964677433	15.737529440364826	0.34078067276651935	-0.8216930224075321
01.g.01	-0.6458383324184027	-0.6275656850162388	-0.4942680141004463	-0.47293247580493514	-0.6229214819992865	-0.2754457268740797	-0.271449496157788	-0.6781574013138985	-0.4901672418211507	-0.667135481675146	-0.39654932474389176	-0.7805549118453303	-0.5248412173940441	-0.4818725415669058	-0.439338319082317
AG8-2D02	0.6314915060203836	1.4473315085851355	0.6469464325513328	0.7974322952612921	1.8196974685562137	0.19295667674415748	0.1332157606234277	0.04619385616937897	10.655720578653389	0.6540961406896698	0.4997697052357589	0.9272472232972584	0.45265829037604927	0.3168294996542058	-0.23760606007946816
W85-3D10	-0.09137162705814322	-0.40810962635051906	0.37155391138722305	-0.35530880016799327	-0.5266547281648558	-0.2974879514167097	4.5165395609745165	-0.37448961326032015	0.46598614145092415	-0.2761535677436161	0.1289281573067866	-0.4559568863902553	-0.9891853426655293	-0.6455427875037102	1.030473100416266
R95-1G10	-0.37390506087276365	-0.12541231429780023	0.10068892319964322	1.8312400763015544	-0.05950682580522791	10.900930061089396	25.400302525937494	-0.6015696351828166	-0.38108620358830153	-0.4694657904025104	-0.11462046869414759	1.2228944079132316	-0.13129634578004543	4.405988740959263	2.930203806788353
220-14-IgG-1A03	288.4446486078846	1.5055044338609407	0.394323060161441	1.5595710446720588	0.733732333149474	2.180402011166115	0.2625702437253223	-0.17070271086679778	0.20352231961010447	215.38419252670124	8.065171661358715	2.6871034506135887	3.6022900067389303	2.359143733627012	-0.5411366278900768
220-14-IgG-1E01	1.382569388754843	1.7046167246411277	1.7449499443522736	0.6363713639004518	1.9424309604962853	0.32847734019707503	-0.039984243985284725	0.690172267005682	-0.027334312501407165	1.2762741928723351	0.8589580764241396	0.45173463616688053	0.5039101240321399	1.1224825543816104	-1.2320152970755438
037-102909-2G04	0.5606083923399985	1.2326700091560778	0.8092252715762425	0.49288254738446263	1.8397679702037124	0.31585729885207986	1.381182408368909	0.035113736201591986	-0.23206509264410785	0.706385483403893	0.3220252993135085	0.8881721142179291	0.17719878782658105	0.5115690842163944	0.17928648234369
C1-2-C06	47.64176405183614	-0.5036079259341449	-0.1350901017598936	0.36924426873079613	-0.18391308376667262	0.7734946912608615	0.012442289096823236	-0.19142835109416356	1.8187729004744657	48.267164378741406	0.2822170054105768	0.008723358057358278	-0.14800042613029238	0.5093037267122233	-0.4006534318958422
C3-2-3F02	-0.4941976104313838	-0.5614337279972327	-0.4035814330202041	-0.4426245769529948	-0.5222793829314897	-0.35845046433910227	-0.37270305087774097	-0.9016034614425579	-0.46094844227371934	-0.44243574226739446	-0.16512037781761407	-0.5244399392385365	-0.20806585483481047	-0.2733966217169672	0.6312538725991776
K77-1C04	0.23675403714676338	0.3969350025169341	1.1199638209166396	0.16945109128021563	0.526597646068831	0.06261346279890838	-0.0884636220594091	0.5523528742284508	4.124211343092641e-6	-0.09806828189334396	0.39859928859897786	0.2536706901375225	0.011985261940746969	0.13470906475731861	-0.13381859815894104
K77-1C11	0.13285330359463424	0.1292556205412375	0.09965526423578354	0.20350566390920727	0.1498683525947315	-0.08050839340503764	-0.17107898247947434	0.16586606256009073	-0.059685725326325566	-0.016206391744559782	-0.08872464296231748	-0.10940604363801928	-0.024128620909768344	0.23264413558721322	0.06325699193824227
01.z.01	0.2861173542165206	0.6172851317540271	5.643130146309027	19.703876921535365	0.49033176526529665	-0.15016314721214552	0.24625677217789832	0.18403369484183005	0.45428702499354234	0.2217747578252391	2.2714636693323946	9.42174624612967	16.67842052397007	0.010754409502844436	0.2251045700420269
028-10134-4F05	1.330037324427699	1.700119833695991	1.0478788859255672	4.406016361035928	1.8008317276225942	5.893154781789014	42.413925905759555	0.34231486061910965	-0.2128582574171305	0.5280836409688021	0.6642179025546391	4.334180930101523	0.5250198526267144	6.8796940185600794	21.73138080060972
AG10-3A02	1.330269531437799	1.702281166612438	0.8601952924458768	7.253359921599673	2.0748688448201014	22.84383468952874	0.45500852044469137	0.28484679489130565	-0.23943115613311652	1.1348086702138964	1.1964455836270895	7.722927782908187	0.2236544296120996	26.768361272257657	-0.595936721583815
C6-G03	0.18108340853800597	0.9172307493265277	0.09791690245077349	0.3188904089720679	0.8648225829359512	0.08631049770657752	-0.18780443815136144	0.5721615336248661	-0.0673180585570958	0.08497109287155236	-0.008721885919079145	0.33026173749651355	-0.7016455687677076	-0.06798496502101699	-0.7419974740621234
R95-2A08	-0.46551297259563235	-0.4279859404133111	-0.545385577832436	-0.2504473892281198	-0.3994596763549053	-0.2313030633701062	6.158766065389657	-0.27729017877705825	0.9027993714502089	-0.3216089831181247	-0.1594855972167499	0.007183776324701527	0.43834148164254105	-0.4304099002701345	0.006851933430455702
K77-2G11	0.3577387609724319	0.39705962164350694	0.3810344328213617	4.895450472845684	0.5955626010775603	96.5241623103999	215.9615545598441	0.06116045970373149	0.011098363739409856	1.1319258806508166	1.022475274939358	2.482832789290628	2.025584946633293	81.46880290425499	9.184488012345463
034-100809-1B02	-0.45412642045285767	0.4751731529956242	0.9987399871246903	0.09001742685247124	0.49794187176597976	0.055064187282983706	-0.0633117451895113	0.3014645378640682	-0.14736306141839928	0.4575533305514715	-0.4093397497140245	0.43524968282115034	-0.3528849890302457	0.09805760791451278	-1.0448968296282817
C7-3-A05	0.700097379870072	0.48493242729616914	0.48357094095506936	0.6592448372927618	0.5892845825876305	0.14352406489433514	0.22179332649264008	0.49892719364508825	0.7429484478688809	1.0259486885692968	0.8483538566643606	0.4568967902582953	0.7951941911827608	-0.11944887229949114	0.087604760736432
K77-1B08	-0.1448644995803767	-0.2723851792556614	1.0091846674190392	-0.5299696465782106	-0.16903616185256046	-0.37687169128356557	-0.3162393574893459	0.053804713772998954	1.1439835505358769	0.05521180527365039	-0.001964194476038192	-0.22678984838910807	-0.6149177713176723	-0.11716065497440045	-0.11372475350175326
R95-1C09	0.10079151388334817	0.2293576272728053	0.17672857132453845	1.9725520506852798	0.3631243196861696	54.10914256004679	6.992643662563921	8.975110287548195e-4	-0.154480118015279	-0.01905952431421481	-0.006372706145155293	0.15563142988124773	0.5207978687911794	5.105485469437174	-0.10376561269443471
AG9-4A02	0.05306953704707102	0.6109774003151907	0.5456668317607033	0.24376797160966276	0.7227103521126664	1.3221135096731482	-0.16836779542618593	0.16856753991210416	-0.18483850987170797	0.520670105204265	0.2200421282063188	0.3273995201596344	-0.16746686902262098	3.2854993324634245	0.1544585885547127
R95-1A03	-0.4420585790329569	-0.618858922919159	-0.21667678071987992	-0.5770880210569761	-0.5704848265671587	-0.45287233935626386	-0.3650241352797112	-0.7384067822958342	-0.3752549906065676	-0.5472887535196033	-0.47100820026677587	-0.7502966714263168	-0.5126880892441037	-0.6011848199248672	-0.3416071130773781
236-14-IgG-1F03	0.1209667193199767	8.45891109277	0.3221711610134774	0.20968928704988363	0.06472179157188254	-0.07135771316669769	-0.20316302220824792	-0.5192693529522697	-0.5658293459296112	0.2716924587560112	223.7610020175841	0.03727354554314473	-0.4129639401600514	0.03788654514302267	-0.4946672851467228
W85-1G05	0.22607235276159057	1.7465942922467215	0.8300514287118563	0.6857090255344861	2.1941394721497334	0.9437793454403484	0.5902037552086828	0.3433292978312713	-0.044451510309507024	1.1427898614688508	0.7967469281224929	0.688894347379432	0.4075339784641395	0.738243295675116	0.23738968229534949
AG11-2C03	-0.1558754428815555	0.025261616159839007	-0.478132189376576	0.5726897610382577	-0.19859087556213856	1.9086302860617983	2.649256643790847	4.604717554708739	13.74839527103163	-0.25740662482435994	-0.0561530457186548	3.043054337162929	2.1198996677396016	11.123239593581022	4.078065877881066
C2-3-D06	0.18074378369672622	0.6219105130017434	0.12602743128317548	0.5077394850495016	0.4953334982746672	0.6424199001645267	0.878192676302893	0.4991936312507036	-0.21364744163236266	0.21482745213885215	0.5366336627755386	0.3555010204949694	-0.05195649941907854	-0.11089072415372435	-0.24427771871904674
C3-2-3C01	-0.5522009241340281	-0.07500251885789663	-0.3166303612823966	-0.17040109123620092	0.1783955704621069	-0.17211177239322967	-0.3569085529997329	-0.24255066037284836	-0.628344019351799	-0.3621275483722601	-0.5557858450433679	-1.0167018624755118	0.8242644686640423	-0.35707609411249774	-0.38880413586592266
K77-1G05	-0.4502659843083754	-0.6500087564078214	-0.5633423323780573	-0.451737353422379	-0.5931433507018743	-0.4272812048155197	-0.32855925420187454	-1.1685764996326586	-0.8853345742306312	-0.5216923367810018	-0.38422405527690345	-0.5216080649896327	-0.6593359098100787	-0.26256381005716173	-0.13128714097975694
014-10-3C04	-0.6373995238436826	-0.8003551097150583	-0.5395088228332052	-0.38462522394008597	-0.8100245806200441	-0.4366528362384825	-0.308490539062103	-1.068397603011288	-0.45910050695272103	-0.4045746337935033	-0.6199624156010992	-0.6189716947796374	-0.5104595256080156	-0.6952452371135246	0.11110498152290808
039-10-5C05	-0.5633094607886198	-0.3708654470029532	0.3452598640311325	-0.3020630706368454	-0.4092819938752096	-0.31800396154584865	-0.39581897654950093	-0.8076437154977401	-0.7111498125820709	-0.3509412962046189	-0.08963848509909614	-0.4396616514599968	-0.21449517050465278	-0.2146723965106082	-0.25591585282207036
R95-2G12	-0.6728023047902265	-0.6757305339711919	-0.33450586437497665	-0.4984090080671378	-0.628098032001666	-0.4011911155502104	-0.3651799123127385	-1.1758869678616275	-0.8181816673021914	-0.1648524059801952	-0.3561776833335903	-0.6483072268475767	-0.2912308750568129	-0.6004426801028427	-0.30111045424383914
AG13-3F04	-0.12923439866405184	0.8969564341598133	1.1387443579699872	0.3740372688152651	0.6544298454170862	2.141262469047332	-0.15913430910331613	0.43117264315858383	-0.0015412283253544506	0.18108967753579228	0.1378267590913911	0.18298241200693569	0.28549584394910765	6.461661673395769	0.049325215747594235
041-102909-3A03	-0.2743863126162693	0.030146573380184033	-0.10724157148040295	-0.16113266424250802	0.5465439126130979	-0.278372385676032	-0.20662650791009246	0.10111657713172753	-0.31228678715477026	-0.19748628489287579	-0.013505636125608062	-0.2916556570208901	0.36318909388480236	-0.1017425634426889	0.1447070890968455
16.p.01	-0.0914433809905696	1.2101238240791603	0.21668771022444175	0.4000187354343615	1.2648328804455606	0.03290738094998465	0.04941357591783276	0.2822700557205387	0.19603116429494735	0.9608281630945724	-0.36162170032908164	1.1291202660474386	0.5875164244172217	0.5405951284105569	0.9116316731861523
W85-2D08	-0.25377692460119655	-0.5394690018381607	1.3195251561981518	-0.46136789917290644	-0.40037837983175384	-0.2759706923254871	0.03507628264849206	-0.9773251760230647	-0.9082787553447673	0.2924822589840022	0.18727931457359634	-0.14337197827889947	-0.1570142400621362	-0.5898495468167	-0.561083210439329
240-14-IgG-2E03	1.7234651721123637	1.3093995101832743	1.0463588490353615	0.22516712961063423	1.618305545563079	0.05896165517433837	-0.1540388023907913	0.6870350845030289	0.020122349086836286	1.2151588537901656	1.2082764808129833	0.2331156160679721	0.38336793259486907	1.2515236135879582	-0.23758039258670804
C1-2-E05	-0.06420606100261522	-0.0578837128201222	0.18580708755602665	-0.17954357452277261	0.08728515008401773	-0.2581813274489611	-0.1918821045568324	0.9145344359888571	-0.03182435193708271	-0.25588875425395385	-0.09400549074615344	-0.3253674644893973	0.00790213467901139	-0.04477657389393806	-0.06529944917547147
AG6-3E02	7.993915121130944	-0.5237184766836789	0.061745905775839834	-0.29315708724972145	-0.6324821362960302	-0.24727885887566434	-0.33283159742072976	-0.1948959671147625	0.46771219328245794	11.016311968831964	-0.39850019619423344	-0.6228470995375849	-0.8811675646548155	-0.36530912620746386	-0.2585282556170115
K77-2E05	-0.20980902867875054	-0.036518551962441484	-0.5315561875343534	-0.34200339300019506	0.20164041990793094	-0.05059644185380183	-0.2893135534134893	-0.29813407592798774	-0.11071479765253663	-0.44147984787386496	0.17988512659613484	-0.30342957789012726	0.8475947099054196	-0.2395738289849849	0.08540768452505734
C6-C01	0.4080716489225941	1.4305534324412652	-0.22709133775310913	0.44071110278992687	1.8204766159817003	0.2184531940675977	0.31648968185329296	0.817139737349684	-0.21527623312586985	0.12340644427152386	0.3391979654994759	0.4150183960111376	-0.057778258699061426	0.028215256826540885	-1.3915659460777088
C1-2E01	-0.3682261200871098	0.1473622983335378	-0.15993005008011071	0.7619836119831032	0.01879708642720709	7.184274433998124	-0.1048598575129702	1.5454361903949516	-0.4313111046594065	0.2964495691049815	-0.09603000139724584	0.06703876907511427	0.3468033859765642	8.076060332671135	0.03713454206989319
16.ND.92	3.26264354285126	-0.0356816976164152	-0.024084807286861507	0.40183863591548874	-0.4767117840857717	-0.39662701551018986	-0.3244180485353957	57.82185227461492	0.1957729986562288	-0.12232224633447869	-0.4154242673924569	-0.30879689682168016	-0.6655198858884925	-0.2847205603987379	-0.14347305771901178
K77-1D04	-0.48505647900302207	-0.7984237072514927	-0.508422693740926	-0.5967345405796626	-0.7867491620345045	1.9262631259681327	-0.21317009518080757	-1.1828339845992746	0.6116353127431096	-0.5112684304240246	-0.4803488347938539	-0.5209207606618167	0.4947939572313195	9.104185647585613	-0.17867204364798403
W85-1C11	-0.31963878356529685	-0.512606495610429	-0.48135004761681754	-0.5674306973643616	-0.41833154703799563	-0.12305388308947765	-0.10683265447812501	0.029156132904601586	0.2684313447255855	-0.3683111810593493	-0.5261111613702548	-0.91492802677485	0.2789850308571019	-0.6051260933562156	0.34353615506343943
C2-3-F04	-0.18290323379124507	-0.001900285530058995	1.273499826772708	0.2722897305313323	-0.035968087297715244	-0.2692862576519936	-0.08156654678268697	-0.5132088173922007	-0.43370197047824033	0.07924015100305543	0.44730973411706354	-0.38940094093623767	-0.06286960753608606	-0.5190748438350964	-0.5217881160761125
W85-3C05	-0.469839523747495	-0.6528954680253514	-0.555790967636818	-0.5414732644751544	-0.7773383304683293	-0.4164532222415141	-0.10439687436519043	-0.7981103060293137	-0.015957106559008078	-0.48733228869270057	0.5265033595674125	-0.5155667491834344	-1.484440182797069	-0.5150173728946748	0.3785706044235083
K77-2A10	0.16439805061159982	0.1508307757433944	0.3900264029970889	6.6892738505791565	0.23039030269325084	38.71178074555616	0.12835100282290088	-0.4331392363406567	-0.18566241961340366	0.09130750919427653	-0.01984467373073924	4.565404110510644	-0.42022336788711157	29.04433935125696	-0.38548464184589193
01.d.04	1.2228751145848693	3.14269608307504	1.546877858318552	0.7361987547305714	3.1829798889286702	0.7316214293387954	-0.19102944072426006	0.7876923090037762	0.19094784900897027	1.355689314278253	0.9378402949205294	1.594222929540763	1.1339083067124538	0.5201960816987606	-0.1927588494292836
C1-2B06	-0.18635114825850085	0.222509645607609	1.0589589920658233	1.181925192884233	0.6728833274642178	36.27233677775195	-0.14545200873833458	-0.6265335656782873	-0.4171803576347336	-0.08829902148022564	-0.19967289139769337	0.17943071737440686	1.6271524073780255	24.639138260477356	0.0763992333852618
K77-2F07	-0.11420016422804975	0.4101402459971303	-0.4855905592076046	-0.2535131788800779	0.18890265929298797	0.036048853064694755	1.8440973255690183	-0.35038605020037816	0.6502890977788676	-0.4677663145563251	0.29686105542578267	-0.35590375767970106	-0.6943560678136649	-0.2736057105949463	-1.0733416485156255
042-10-2D01	0.5370232433528217	2.1348325956948164	0.33474814095272043	0.03296375871414222	0.15879728095002474	-0.10943467021624347	0.01734036677218172	-0.554425829013762	0.41724711102048334	2.1319941074947035	54.87872271682697	0.40686611432976083	36.71538448974567	0.6937233021868493	0.6213069255278625
K77-2A05	-0.5332674244085597	-0.7065291275080383	-0.5883775163888387	-0.5510970857542175	-0.7977605028533182	-0.38454394005920617	-0.45378727175947964	-0.9462419849575266	-0.7423937386678553	-0.6573789078293444	-0.41713274730422967	-0.7222106773882713	-0.7248213143261631	-0.6660171509708022	-0.3997669899268065
K77-1B02	-0.43101177343183816	-0.009439365253366264	-0.2985805631276646	-0.30085160226799906	-0.10011116956619846	-0.32037561357317035	-0.2647181038956962	0.32981697529414444	-0.07725475463284925	-0.19661779705258522	-0.2544162140319194	-0.4980268565719002	0.135849693358459	-0.30696221867033735	-0.04117951913050715
C6-2-2C06	26.496060276957106	-0.17034853445350115	-0.5037145381736129	-0.5597993822951068	-0.24130897967072673	-0.30163863136671176	-0.051039751483022276	-1.2430482522614752	2.9131398960907458	39.6041297385299	1.1215391486649373	0.2423166164964166	0.40695419516046094	0.44542017300545045	-1.621379791215234
K77-2B03	-0.29167258102345084	0.6074140356551785	0.554294013554322	-0.3277159112963523	0.7780001621210215	-0.038597889289470576	-0.4175887219053493	0.10650541102333289	0.0038813491373259268	-0.03545543762262064	-0.4756894794595682	-0.14082617598397024	0.3168005957789476	0.11183704508803664	-0.05333475145092611
042-10-2B05	0.3995595937784109	0.6078491675410738	0.12192435779502164	0.2665322714569595	0.5919135467075162	-0.22467072624529144	-0.41046155816609464	-0.17956178972288114	-0.2285508316208513	1.5125521141525051	4.122384133003858	0.851736783263143	-0.26212033507071664	-4.620176211377973e-4	-0.7502264546796589
AG1-A01	3.1538363728850203	1.7553992621716794	0.682557627072707	1.0831653744152767	0.28978376914695286	2.3264053460202336	2.8520611545520453	1.04488824634095	0.5633211593423414	1.0363648316857377	0.16275339402765018	0.4733264501810092	-1.1892152019956164	0.20490344130963395	1.082128799641682
C1-3E03	-0.4796965944436337	-0.3930698829211152	-0.13329312621286563	-0.4458285107393934	-0.35463644524467347	-0.3560127535215219	-0.41240552830695043	-0.23069619279413975	-0.04269839299411179	-0.5284088627055156	-0.3523006963303697	-0.6597075379545715	-1.123577678419679	-0.537590479174235	-0.7904017898977178
W85-1H08	-0.568651072813841	-0.3798723085120748	-0.21981625910331162	-0.635946271520949	-0.6606472982737951	-0.29156702154339953	0.6515243044413953	-1.0295161021840586	0.08817234691760113	-0.25274798208856175	-0.4471831705625111	-0.8604057144462501	-0.6848326057591779	-0.6922612154566922	0.14949619931209426
236-14-IgG-1A06	0.05521916296922349	2.426667773667979	0.35569653390563494	0.31357972691535385	0.17853314683645902	-0.09104757543213253	-0.12154283886562117	0.8059361448679393	-0.09392006543497038	0.3864712824556886	45.25464151625849	0.6049044009620335	0.4550772267869992	0.1742775472199407	0.5488980122819399
SFV009-3A02	-0.7121673863339065	-0.6416976686888372	-0.5725350848565541	-0.535092334457545	-0.4483802349519395	-0.3239411301805903	-0.38761800872610735	-0.8203806102143317	-0.49299246536006636	-0.34310382738599315	-0.25494533221019344	-0.5720010694453221	-0.13161267353636974	-0.29580867090196034	0.5136777342623128
13001-22-3E05	-0.6810165311888778	-0.6842726112053821	-0.1688993459939919	-0.4579970194008631	-0.13975764412107028	-0.2758122389894995	0.2377353396833699	-0.00878387414218826	0.01987500742136008	-0.5465269975934747	-0.5551620558273399	-0.7757038999179808	8.654253564396564	-0.30161667512640095	-0.10412732615335926
R95-1H10	-0.5906902351197639	-0.33621852595795626	-0.1529685031192329	-0.25916319741531185	-0.1893747526103138	5.4345146137718565	-0.40637260497966354	-0.2868302712290594	-0.09128847445122681	-0.08523139396426836	-0.13946512177968398	-0.27573358667460596	-0.24362141237532906	3.4561725695371197	0.7290074889011241
K77-2H08	-0.4437048997957869	-0.6914384271627789	-0.5297511355936716	-0.6594499012381669	-0.7496362371009129	-0.3595673444119591	-0.2795552296161995	-0.34665151828858226	-0.4114693740173221	-0.2315339396386303	-0.481126365999534	-0.936607442319065	-0.6911972719944327	-0.5904448436766386	0.016803628593381366
W85-2E09	4.992905858298319	2.9366350237166614	8.421904858319056	2.6502509322164864	3.8763477950637877	3.871724025136245	17.277647075554274	0.4033711256461178	-0.12688241661421956	0.4786315683138701	0.8485171125414976	0.833467878504294	-0.7225762314577732	0.3362415767178767	1.834222211236791
K77-1D10	-0.26379641390654696	-0.5042766419823377	0.11557374246741661	-0.46365671246294854	-0.527745573787183	-0.39872038192859954	-0.23124303066547588	0.38051552680080947	0.26860227469072634	-0.6083536195475107	-0.3538060413963225	-0.6957629642842702	0.1197047437194883	-0.46435808381528376	-0.4193493578521812
051-10-2D06	-0.18934398245970593	-0.3487803256754117	-0.048137497207283504	-0.46644886754103687	-0.40485083033964114	-0.07296351477871875	0.6491089965839244	-1.2673108729334053	1.3702576787264455	0.0605915504204372	0.5987915047374711	-0.5152387719062616	1.3680657196715451	-0.14347085413728203	0.5323771461624702
K77-1E06	-0.11341479201234318	-0.2927167471314696	2.2181043550292934	-0.1792125543168468	-0.3167670269970071	-0.08365056115039846	-0.15330496006860905	-0.39885196135656514	-0.6496115947644743	-0.5357080687834919	0.09269257608171341	-0.5683581618725718	0.6046293933923667	0.4895183107614217	-0.31540042331065005
R95-2E11	-0.5496356760336113	-0.7324602017140086	-0.5179510834627598	-0.5189680103000113	-0.8184559426634324	-0.46809466702064373	-0.41325361949398937	-1.1124696509394796	-0.6300925517431439	-0.5899757458557702	-0.28137138378704646	-0.7914032307212832	-0.6510295931377068	-0.5651304267695135	-0.3939956734814046
034-100809-1A03	-0.2608890348770777	-0.23123550262516165	-0.551005175896551	-0.4698094624901641	-0.6495505423534119	-0.3990268014876172	-0.36543436284202885	-0.1881353028037125	-0.13299423138843888	-0.6442001775089627	-0.5746307524952147	-0.7137069283270956	-0.7118013248177675	-0.5763666809021945	-0.18121619171958753
01.y.01	0.2912138270595504	-0.5848518983365956	0.9624882230459302	-0.2707071368757593	-0.3322956076354769	-0.2141183202249468	-0.18543199776063826	0.10701199679576968	-0.5035660884274432	-0.8504943784036446	-0.15043060811117948	-0.434554589339139	-0.4290449476371296	-0.39139783393469424	0.1125047962517087
051-09-5B06	177.64944557321027	0.003362518406450258	0.45195475042958844	1.1550724550177005	-0.5957181481404451	0.768466151101653	0.28782752673934964	0.103098140327153	0.4840563928783897	101.62458304215471	1.3405944413448252	0.067870720219362607	-0.5446896105898409	0.35831411568045657	-0.6487034358625873
R95-2B02	-0.5339217943702191	-0.3926251371142752	-0.5244191055740556	-0.5797834730142764	-0.6907780025019209	-0.3405879737771651	0.21543539597286537	-1.0114855231238917	-0.3146717247667207	-0.3405207847293557	-0.46066693192296054	-0.710691486175089	0.06419000380910424	-0.4982320246831709	-0.2614370037495102
009-10-2G06	-0.2733681596473747	-0.3514884341879148	-0.19772848891513373	-0.395419640273954	-0.2643102644646312	-0.2581863951618017	-0.06301125290150399	-1.0414370091613028	-0.7475669095840102	-0.46552598922685995	-0.2628575911041213	-0.5543146636776909	-0.028574424154220724	-0.3151285200453045	-0.022910282616386415
R95-2C07	-0.23220051225108593	-0.36092596007036465	-0.12800801859775665	-0.3462959728017008	-0.5782959810846169	-0.34505897485974435	-0.3072742909866577	0.6565071114180523	1.4388373962569354	0.0011704116089621432	-0.5011997792361581	-0.4107194076199536	0.23885619717042597	0.17323595459095678	1.0107696426749755
240-14-IgG-1A06	-0.565015155269696	-0.25905574087951705	-0.43068976733805153	-0.34316106745348435	-0.5375447810147244	-0.17338521869041332	-0.1542612094314968	-0.8834975702982626	0.0836187069253046	-0.2182626622930275	0.31922789818150493	-0.8608371124123219	-0.05674884366187415	-0.46773164831362307	-0.2523122502630279
16.ND.95	-0.08900501626951116	0.7017381584390235	3.0309045849774385	0.8579575072107996	0.7857143609356017	0.3908686875350741	0.14112544017910528	1.7296374739018046	1.0790487366103014	0.1389987463788641	-0.11300278944556234	0.48628507873225785	0.7515890402582464	0.12348884051826599	-0.07269171417214708
014-10-1D01	-0.15421952647164128	-0.3492629758824539	-0.11341687167106287	-0.30089266486852706	-0.4236316465233552	-0.2889440631558101	-0.3328307994448718	-0.2447039996723713	-0.4366891095553505	-0.5253852330251276	-0.38880970306359397	-0.5277752324070069	-0.8024389104912765	-0.45521943415369875	-0.780374680193076
041-102909-2C03	-0.2143166758426337	-0.02699295226051063	-0.5527529825798652	-0.5219514518146791	-0.2655101310497065	-0.1620837555883707	0.09100193837364508	-0.17494407908157344	-0.41205333569987956	-0.37911121086621385	-0.1552221763168043	0.41911923370767773	0.11392470738408836	0.0324137948805762	-0.10743446537082339
051-09-4D03	0.008366220084246048	0.4983531767975503	-0.28404995484340784	0.40119701157244303	0.3199897190253474	-0.30385725855173357	-0.33486147704016467	0.45759352589252383	-0.13119365511344266	0.029251772332420677	-0.19478799432056315	0.5268312323494443	-0.9305800675477006	-0.6032703281166008	-0.9768664382344114
R95-1B07	-0.6317161469511798	-0.7362818908054751	-0.3621578805805479	-0.6125556243413154	-0.7736361652874171	-0.4624586159024509	-0.462502923582051	-0.5431362297219838	0.5481730809495097	-0.4614979326100949	-0.5147065971336396	-0.8165036634746268	-0.8551423723440089	-0.5908460601644845	-0.4489754631590342
R95-1F03	-0.6535966540252901	-0.7010561182265375	-0.5528736647059372	-0.5017946527263271	-0.5575361297672118	-0.042542928292641856	1.20869855625677	-1.1186041873653803	-0.2805836248627133	-0.6208011303004616	-0.1993551230302954	-0.7508099136059324	-0.46350013448539756	-0.37832124854059107	-0.32618581515917605
041-102909-3G01	-0.3278632334458309	-0.2599642308985308	-0.029316427914853855	-0.5140365100938776	-0.39808887657545694	-0.36273681378439526	-0.3371372820117554	-0.38352458733306477	-0.4722122684840937	-0.7023617562945982	-0.4622014318554038	-0.7977446898995266	-0.6284321320636674	-0.4799327046137043	-0.6139791849720556
K77-1B07	-0.285592448155173	-0.6943820621111843	-0.42792260176592983	-0.5144294666645423	-0.5673396566943563	0.5752730323762721	0.03414221884126548	-0.8625257756783309	0.8446891226107276	-0.8737419017083291	-0.4878592473468076	-0.6060615003306207	-0.8032369988628546	0.002491930918620939	1.2818677715497302
C1-2-2F03	0.08901001286497524	0.684965709443691	0.2833922597705182	-0.06494616760195995	0.5456455760651849	0.0773740546151944	-0.100110407531719	0.9268808967492856	0.7439456077915201	0.6227506343735374	0.2385246610074918	1.1668222754879278	1.2987823641141805	-0.2805416753610621	0.6558528064480975
K77-1B01	-0.3314473538777314	0.34364383491789174	0.11377724052808114	0.28849772442463034	0.2622171100138073	-0.0678866630717659	-0.030698855676968152	0.26868444811913084	-0.3715510047600171	0.4517588109144018	-0.05788664775283435	0.02930694501938516	-0.3515898292022014	0.09672543689241105	-0.0984708800362943
051-10-2B05	4.753306889980709	-0.8342455246403153	-0.4201078339988522	-0.281190340046614	-0.39752942580212786	0.20746525065685448	0.16939933961075482	-0.020097322640198742	58.48167345353844	15.596551099026058	0.4451366236381585	1.0245641063958135	0.27895683915957176	-0.29387620073769105	-0.5552361876878618
C1-2A02	-0.1717692038963272	-0.5039787946303448	-0.51141216287879	-0.517509983726945	-0.257674165634295	0.3699759803741704	-0.16505772703936897	0.7865505241883493	0.1250732921757395	-0.4879416490370476	-0.4612640949028913	-0.5766227957749326	-0.3697931555654418	-0.32457071146537	1.8430903041432507
K77-1F01	0.3102465911074187	0.7889326699384475	0.42423541637039325	0.43658762208869933	0.7190720123740124	-0.0755548349336204	-0.171730528210228	0.6199454778676147	-0.02205611018951302	-0.08164547602796189	0.4224067763742605	0.12436042912979489	-0.022495320647340354	0.2419687559815325	-0.28664748847526933
K77-1D09	0.22894798295541793	-0.6004816169659071	-0.5531849357279126	-0.13884314299385037	-0.5246305381882862	-0.19230276836273139	-0.34367458152600283	-0.5502296636669517	-0.4536015732972603	-0.5410428347914318	-0.19844143968209615	-0.45381899525731556	-0.43438978188086236	-0.552450728111316	-0.6856439456980408
R95-1H06	-0.3807484786292862	-0.6955871463197973	-0.14662940445845904	-0.6055696660692664	-0.5834775880653604	-0.07754440883423142	-0.3926183606350367	-0.21592087095615786	-0.3066741629249765	0.10832778734029357	-0.22034367149939568	-0.45575586597916856	-0.26994560677791557	-0.11095856082595243	0.7384137142043128
K77-2H01	-0.3815294821267234	-0.1526313365207264	0.49085618140859033	-0.12695890512934926	-0.06654128470005669	0.17076571507320218	-0.2470706337448074	0.44790770925924944	0.788301783875162	0.9769992221308453	0.24631687969186644	0.4647661769682655	-0.48992506512777495	-0.2058606960724374	-0.6885352763445953
034-100809-3E01	-0.23728670520362397	-0.35041057081652804	-0.4565893118314774	-0.06360437511184037	-0.3889334208340136	-0.20295519434539758	-0.07828608845576085	-0.638344714248568	0.3159386403055812	-0.3749784929826938	-0.49919927086054416	-0.7741569183550941	0.7758935065444859	-0.3663697505234417	1.0135216304023758
034-100809-1D05	0.5416267314360714	-0.530305990651375	-0.30317063205054257	-0.3576171023188589	-0.19982282785710406	-0.1436512805398494	-0.3433568877626236	1.0524834018614488	-0.16080967782660133	0.13727742168463591	-0.2934282189785191	-0.05306664558675545	0.05281187919879696	-0.48004278113107873	-0.3528989612671535
01.ac.01	0.324791484775503	-0.13527705233001944	-0.44410437443713996	-0.2911263847801351	-0.07347446184444864	-0.12299201828645444	0.03468312353564249	0.9538549899658003	0.40168823231394973	-0.6570073116199832	-0.4603909210314839	-0.3244887501983002	-0.463411753869296	-0.20256892398209236	0.2302798497710499
R95-2F01	-0.08941563030690232	-0.16776392835072898	-0.33447945878781027	-0.19625834360593764	-0.2689128879874873	-0.333297400459134	-0.07408651469062082	-0.0190971819372027	-0.47009992847518506	-0.28752405056674435	-0.5547550903181725	-0.22695285736947227	-1.1061725991915707	-0.4984796305661625	-0.07711762557898334
01.r.01	-0.5819738804838729	-0.7712033098125118	-0.5448225806237047	-0.6597226508845495	-0.7654052989520467	-0.4305414303600641	-0.3442183966842887	-0.9866005487931739	-0.8414960727072597	-0.36567183908658496	-0.2706548614126746	-0.8895308880110445	-0.5021925257675594	-0.738964216781182	0.030857511117536374
SFV018-4D01	-0.15256612355628196	-0.7376794085689576	-0.4923857028270544	-0.41513327796582716	-0.5512114014957645	-0.20466846745823847	0.004688523937948891	-0.16167688929297966	0.41078212387625535	-0.15411783843666013	-0.3287875731366214	-1.0028708964206474	1.676606099141923	-0.4321857778804616	-0.04886246030290631
W85-1E07	-0.12051685753902516	-0.48692304670129644	-0.47369300722580654	-0.3954840622163982	-0.48575667821899515	-0.2185117789888744	0.7870850268585137	-0.8319049859076532	0.40715160782962057	-0.0011704116089621432	-0.25444936489888753	-0.10610602514926008	0.2871719200815599	-3.6758612006728607e-4	-0.2378207894602199
W85-2F12	-0.4282868514818298	-0.3780894869982565	-0.5502675974990756	-0.47305284323742636	-0.09351194163530661	-0.0392922137606719	-0.3106711806562599	-1.2106957270513532	0.4996435138289527	0.06427659612846921	-0.10074254787977563	-0.14030644851133908	-0.3378136674313574	-0.544326325471486	-0.2531482640760562
W85-2F05	0.6644224572576761	-0.1657475382784035	-0.43738043660541176	1.993038384891482	0.0680370584404386	11.287637380938696	-0.04192469347419181	-0.1725805706856551	0.3924750883202914	-0.2832612364001363	-0.2276310229874348	0.4744327666585092	-1.2412112544681637	12.382585605964021	-1.373173291648584
051-10-4G03	-0.5239669071263148	-0.19514350713792994	-0.4009721124967037	-0.07344332116288418	-0.3075223293958624	-0.18050314815975813	-0.24697568828100544	0.014095427495398811	0.96432171410705	0.456366265624376	-0.20669167923159826	-0.06022136724719006	0.5156455690755342	-0.4022057004425857	-0.18107897655318436
042-10-4C06	-0.3359061758672133	0.009477398016597888	-0.5286010264783265	-0.30054734720680354	-0.3504870701930352	-0.2893231249685928	-0.39608852874576034	0.5451205877971024	2.437573711257781	-0.21551499076779287	2.9371368550600603	-0.6784637609886357	-0.41501518016224936	-0.17493371185273485	-0.22441530858074626
AG2-F02	0.8685297713851315	0.9719138150517665	-0.5046553951831246	-0.21638235472083708	1.1365975165264228	1.2171565532808986	-0.040862363302013247	0.3276301625111672	-0.6010442492019237	1.1545247074915428	-0.21637926781643935	1.348145049609779	1.38616013445534	-0.05179788607865845	-0.5861263852769619
01.ae.01	-0.1109488899588612	-0.6168423531637244	-0.30314723227632506	-0.5702827656094019	-0.4697329041098904	-0.36055781719490965	-0.16498110828215948	-0.4477124906543467	0.16128166966903332	-0.4077935760788106	-0.2931043646576803	-0.7036573019424487	-0.6394110568771738	-0.4198287397152548	-0.5901948898639494
W85-1E01	0	-0.5845210501785318	-0.33105398638500033	-0.382481434003814	-0.28243995575299047	0.07865731496178295	0.31205552145684684	-0.5232881036309442	1.18741532600009	-0.0345773278745841	-0.007583032711153549	-0.7748506340687061	1.1462438699096424	0.533759076912423	0.08533458369322063
014-10-1B04	1.327862078229155	5.412342438719613	0.2935571592767271	2.4638115646632612	0.002956908701727647	2.163442230165184	2.789517117462231	0.6950658312966481	4.61112613083877	0.45871122148223287	26.946987659774923	-0.7173950211281938	2.9773344509113993	-0.24613642987558604	0.3638643188634284
009-10-2F01	40.84240285277337	3.3739970337143785	0.1541657720055066	0.5478009322217163	-0.4614055115457063	0.49722407764891335	0.5462320324210344	3.470147625228182	196.10223776155004	103.94292251503572	188.6837057016693	4.684516417155109	9.046607753704263	9.847033346668535	10.996698330592059
W85-2B08	-0.27572212527664103	-0.47047570955133183	0.04870381087818571	-0.5818721194710534	-0.5221110567119928	0.050452815849077966	-0.36381137814281866	-0.6481469625114501	-0.32724375303543074	-0.33865192060758503	-0.27822511734666755	-0.5000048123242231	0.033223780933476256	-0.4198557808331815	-0.1411313515305958
R95-1G06	-0.2498823029331269	-0.37396449268232906	-0.05767174405649319	-0.6006918704043687	-0.5070096690494081	-0.3858772415751483	-0.15774401202580476	-0.30461738665976495	-0.4980723835836718	-0.7000583544671607	-0.28743574486740486	-0.6031347538439759	-1.2969325942328862	-0.4558304149067143	-0.2922646355951782
16.ND.93	-0.46803728949537343	0.286409091407421	-0.5322629271636802	-0.3514302319182141	-0.06044132467356431	-0.045096498233455365	-0.2559463864098252	1.0533815375897397	0.36752949349533615	-0.38116171127020915	-0.14108201036966272	-0.07199253257393722	0.8383429890533572	-0.06807173819979365	-1.083999222705255
R95-1A10	-0.5499855331568091	-0.7375437192242403	0.2071878941735515	-0.48080309818400563	-0.7754398630659189	4.942322895765233	-0.22653189074722963	-0.5433230962242405	1.3233681156255237	-0.4929763442064002	-0.5770432491184695	-0.5588846835460427	-0.8583279211406374	12.595635054175464	0.41537679151091333
AG11-E04	-0.5136128904145004	-0.48646669048959507	-0.49217936127776485	0.4298067182121496	-0.7396255641353439	2.901816480826487	-0.20929130477185284	-0.7609676628669637	0.2511777537531212	-0.5574837549109473	-0.5486244492186934	0.0036985966665739394	6.676223924266183e-4	3.0488602916896594	-0.6754080557488168
W85-3F09	-0.20855868479768602	0.9415972655153116	-0.40188553092415213	0.5099947243512044	0.07269685751442388	1.1072155678595328	0.11720693837734324	0.10832703486940443	0.3563566108632194	-0.14329986558807795	1.0471332322105649	-0.040912745301810265	-0.725163807406545	0.07521721259861999	-0.7260854094322698
034-100809-1F06	13.445474020712476	-0.01846206589323562	-0.522471860979713	-0.30495057052796987	-0.30830906616455805	-0.17257128419848786	-0.15560431974729522	0.8422709311458361	-0.09125349359000985	39.182301893689385	-0.04793378775820239	-0.6899357919631245	-0.5678006477200849	-0.32438427351034643	0.7000984156497753
051-10-2A05	13.708879040902303	-0.1546858913929381	0.9102899129515173	-0.23686991254582176	-0.37635072513145196	-0.25739994496503876	0.1277574000659842	-0.673023832016421	0.1324596270238666	1.0714220588935603	-0.24104816306677193	-0.6148026060270032	-1.065458190384019	-0.16081400740384033	0.568404435722174
K77-2H03	-0.3262334437912467	-0.056291390140178234	1.9559595469785915	-0.4232013061935192	0.1460537081282718	-0.05353063862234831	-0.15217382262701062	1.1783268783122176	0.5674546848531918	-0.1720223266097241	-0.18733959267949796	-0.7333325299496405	-0.6708073498093584	-0.3682331538406925	-0.4243566338147443
K77-1G04	-0.46738972206698426	-0.06496853666256891	0.6599594111238016	0.04574338117759758	-0.2329512133368583	-0.17163640727126864	-0.19089286398673372	1.2714237124723557	-0.10900464318478026	-0.2213220844669057	-0.5354731352002798	-0.7562217226583359	0.20194202956495033	-0.5281620167441878	0.9311478019469781
56.b.16	0.9474816135574907	0.49008649634151097	0.33499562201462096	-0.4788934715512117	-0.5182163899273201	0.5725969846285225	-0.3476059570980876	0.08023524030602117	35.55314454851199	-0.5489521650295069	3.1980017572240813	-0.35504896367966116	0.1883062240574575	0.2093628193502802	-0.19451429857886332
K77-2F01	-0.18901939515768287	-0.7311615561145571	-0.3389471639649231	-0.5802090646314086	-0.6245170339479792	-0.146907190066506	-0.16764616875387117	0.5609270087551744	0.18297293424970232	-0.5768421958341465	-0.46927994262863654	-0.8019150815238861	-0.43187396721568444	-0.309823804045151	0.41577671439113045
AG11-2F01	15.204911048252868	-0.5481597811470719	-0.4804495468202538	2.967179101104842	-0.6256363067655417	0.2302846883452188	-0.18176226979277116	359.6672124417607	1.582282717784892	-0.24883196400830732	-0.39863204178376976	-0.7584301019730879	-0.36262322935799984	-0.5598143530732158	0.9049779021103251
R95-1E01	1.0477202469504898	-0.3390429875475083	-0.3749590677693698	-0.42222159860559	-0.6222548265545034	-0.0015146761356832877	0.11195202435909032	1.987703093855604	7.879176732591735	-0.5992273846949165	-0.16959459969128632	0.05860283010903285	-0.48842994995930583	-0.3596562716532969	0.5548923749893749
56.f.01	-0.4307311795123861	-0.556637156278566	-0.035805422232017964	-0.6387394913375823	-0.5511369407798018	-0.4064531280069217	-0.43258373970851843	-0.4077064395608599	-0.7464289602986433	-0.5837791115044065	-0.3185663325333382	-0.8070075026899909	-0.9155261806367327	-0.6065196519017374	0.23551661859851047
039-10-4B05	-0.257648934008456	-0.25245921951212413	-0.5232197835167112	-0.3351103291941078	-0.44365840983309685	0.0010948682738645525	-0.40739470127052435	-0.5532080618636634	-0.6435907457715346	-0.6812674407986704	-0.19390568625151128	-0.26520628041387456	-0.16291910677471388	-0.44465081935124745	0.2874072453911601
AG12-C06	-0.6912412829230079	-0.1779184865743856	-0.483187160388046	-0.4782515999560737	-0.5683393774065858	-0.4178665213491158	-0.4025928313014486	-0.6713511339367431	-0.6571620432499774	-0.4704767467148468	-0.5769302118097345	-0.6714852638860848	-1.1023188474474546	-0.6281814152730156	-0.5394688838847881
AG7-3B02	0.5989304516776512	0.4647599684057808	2.3074820815068686	0.13788786875957856	-0.09599365937419439	0.2319948497697915	-0.10532871835530776	1.2768116939093863	1.3278753290987437	-0.5034438813629043	-0.1682093848000707	-0.10210614371881006	-0.9739323929824972	0.5393608872408974	0.05695557341361174
K77-2G05	0.0951781185443935	1.5436705819094665	-0.44324831178046903	0.17187629344215805	1.068053986628511	1.1843589357485416	-0.08207663615817383	0.5155609380361661	-0.2118636952480693	0.3411954326629458	-0.20623738425840252	1.1922936755148263	-0.4783283442903035	1.1159683850915183	1.388874624539666
R95-2C10	-0.5278572606850152	-0.9368819890097367	0.7064938290666066	-0.6594559521824293	-0.6978887840713887	-0.375096376080025	-0.35893044520175704	-1.3079247631824051	0.33512701371973586	-0.594770537619242	-0.5697020040718813	-1.1068554437370046	-0.9077112947502691	-0.3609922973967223	-0.1405350712895118
024-10128-3E05	1.165502714715849	-0.3635694541814843	-0.3327877282318459	-0.4788788540225452	-0.1270576545580391	-0.15788479280750045	1.7874276642349651	-0.4236089438626217	-0.19051074921566727	-0.7862996787728637	-0.4975132615145768	-0.24551358445419158	-0.16640274167371066	-0.6739101277743623	1.3203402557262824
W85-3F01	2.6927070648806257	1.7866689194808616	0.5601180381930165	1.0348714024496881	2.07156485282138	2.235559474806145	2.7026179369876018	0.3028461910329828	2.00995819415184	0.6091517522025467	1.2476111802956205	4.507548759703402	4.445432333754861	2.312250937968165	0.7314187178795978
R95-1H04	0.5944890093317317	0.44338311341075964	0.6983025325517689	0.2922277936137557	0.2486665571482234	0	-0.3253825485125506	0.5677547208960786	0.4110880260123502	0.8245063792322394	0.10031835918462922	0.11456628894220408	-0.015368240999545901	-0.033858757323229585	0.03176500364456887
013-10-3F02	-0.1326785442149533	0.7415444651719435	-0.3769174787453552	3.6062339151571243	-0.7957197720286084	0.26525522454848366	0.09693803746860716	1.4676069380532755	0.8044497753653655	-0.31857545143802396	42.306227187894855	7.710506593039515	0.4694386928593018	-0.1578935025750085	1.8484301666849212
C1-E04	-0.4970270613566829	-0.49251330923469633	-0.4997464204546916	-0.24643792226508068	-0.7892698153702303	-0.32461789871667124	-0.26305153482646054	-0.9987146310872563	-0.5106636729739977	0.06752214872943697	-0.5394875432565948	-0.7025458894651206	-0.3859587254137771	-0.4495468527590433	-0.4927774006960097
AG2-G02	0.80793767180188	-0.08987189423421996	-0.21092848440874684	-0.3118549864425623	0.02440633809084794	-0.022523017686965702	-0.12482664132251038	-0.38051886503895355	126.51909616981445	-0.7397445045675037	-0.24669144436505852	-0.33292966056851875	-0.7242998799677882	-0.009868736085197774	0.07978116509992159
K77-2B11	0.1395384787365845	0.36543443079075466	0.7424294468510103	-0.16351529180103108	0.7246560712229919	0.3065974958523395	0.1795086387964617	0.6579301867212839	0.4733195998020735	0.38137280828443115	0.37494412832303886	0.1416786402647927	1.540880184768888	0.7068340561666622	0.6115609602641422
039-10-5B02	-0.5905644575040246	-0.7988895647587233	-0.0016245137566039966	-0.6548985730485252	-0.8901706733167093	-0.36617945924704	-0.31246442881485414	-0.13190246327657215	0.8573009831009694	-0.8601149629898935	-0.483975492576423	-0.911891373069178	-0.43584227372883255	-0.7420667097719975	0.6591802935118082
AG12-3A03	0.7411086548916983	-0.31892334237700154	4.92264871738326	-0.2780166657793249	-0.4808672726503936	-0.15455914302982954	-0.06655973380185061	1.8029098945241118	0.9208468980846211	-0.4888553726255822	0.9967629908239719	0.5388969812025414	1.640273777331206	1.4867497481211454	1.7980192194418734
042-10-2C02	-0.6407752082031137	0.06830488850854435	0.9471830521356926	-0.31757834921117434	-0.3494468328867239	0.056624107467918544	-0.3543159406968108	-0.02137766060681226	-0.5225250602179263	0.19951573544672876	-0.05800754291371934	-0.3067947624908301	1.0661697623697384	-0.012441877453460783	0.46069769915169256
C2-3-G05	-0.3602337108309021	-0.4494068608681069	-0.36401386734857605	-0.5403157027591637	-0.21810523182150587	0.5175951227022779	-0.10341228090864338	1.0121092758493475	0.8393299791820027	-0.8139488787645759	-0.40872794212668817	-0.6585499478263942	-0.9153987189529549	0.5950991785770834	-0.10100284731915034
K77-2H12	0.32381876220194367	-0.557831907937097	-0.22257235085098992	-0.22229102934102063	-0.13691623993430857	0.7530089449907403	0.5035829084665832	-0.16774144310266617	2.639359227222931	1.451612125377532	0.21969403033979246	0.5009607461605127	4.264244601962699	0.12541170956793793	1.0439008677683448
01.q.01	-0.030654825784388447	0.12296623078252945	54.15653447879007	-0.4377760322213141	-0.1143402459821895	-0.22974113465121704	-0.2500675642470748	1.3023082328173274	2.494262689149211	-0.11612845386671658	-0.38820509929397407	-0.16573826648005774	2.560679759679054	0.4015488953163447	1.3813079390329095
W85-1C01	0.09150477879214435	-0.20492955028912072	-0.5570190338241815	-0.28744247654210436	0.8745496429377413	0.08104689815597549	-0.38076181878353726	0.9142049980857962	-4.124211343092641e-6	-0.6337674762735235	0.5826468847986925	-0.20178751932756084	0.34553988371660127	-0.2436587618866152	-0.12072531845431221
K77-1E03	-0.49361677456840447	-0.5445381811423116	-0.5361309814488583	-0.4823039840751218	-0.7550555368934956	-0.2878967205371029	-0.18831824852335963	0.16444346879608426	-0.18839961927145943	-0.5011956521669552	-0.16531874497577206	-0.5803437624507826	-0.7391304553842024	-0.6381039068259631	0.5363634411810058
AG1-E04	-0.6019333304188839	-0.5883406994418284	-0.232953111958376	-0.5156752666758522	-0.6592190573920673	-0.382558506544169	-0.4487044737026244	-0.5369862547580785	-0.4216383914141448	-0.3161126413192641	-0.45546117079877696	-0.5759402331906859	-0.15367510713617008	-0.20967200794997526	0.16028818424831023
014-10-3F03	0.5187143504612847	-0.4301155264766554	-0.4826634573730915	2.935362414412824	-0.5213325830634694	-0.2055598160812077	-0.3748266116212553	-0.9081759447794115	3.3651331435300604	2.1842323977287346	5.941699393694563	2.869234242164511	0.609366806951313	0.34122872734985676	-0.8255080862659038
W85-3B05	-0.46776762569947805	-0.6354311893237565	-0.24392558532858377	-0.563548660701325	-0.6914148665405924	-0.38304734336578483	-0.26280120317091604	0.29000026021826614	-0.390829355920971	-0.7294481848988872	-0.6282279224474433	-0.583238846810895	-0.38210047019125337	-0.2717145783536445	-0.6664364506778414
R95-2E07	-0.580226410881744	-0.4399437806062479	-0.547118335254076	-0.5078211505840926	-0.5359601574300933	-0.4033290481452857	-0.35557510480071935	0.3238858371326921	0.009675483072260588	-0.6189537165679231	-0.5749582816015985	-0.6514932018749867	-0.035215764153396924	-0.5649299630609462	-0.2445740456843282
024-10-4C04	-0.07462504597804222	-0.07145339803112205	-0.16989712478543062	-0.2652996762305242	-0.2642589601995466	0.31133621531011396	-0.2843767644388752	0.3857692433886742	-0.4295491061351969	-0.2819124993792065	6.784473241620373	-0.8808586870712753	-0.8798764370293016	-0.6069774767925503	-0.10387196981192057
W85-1B04	-0.4311102749341779	-0.5799736544407119	0.3226204656689059	-0.4027474145751475	-0.3275929390141052	-0.24699105500925952	-0.43303931648937627	0.09761670449031194	-0.0725829057512355	-0.06886370206443047	-0.24535666814109017	-0.30270410103330686	-0.14248640168663798	-0.25825319665385293	0.5729811642882519
024-10-4C05	-0.16414453436208404	-0.24437223572201322	-0.3879606588213761	0.05308957766119629	-0.2980703932844871	0.28458839458612867	0.07087670286808226	-1.0752496263757894	0.4838709976443926	0.017563923876609218	-0.07790494009567858	-0.42556318917862235	0.44891125133664705	-0.04557131177446111	-0.08127646614065036
C1-2-2F04	-0.42488576158983776	0.05170738564807749	0.04977832270415061	-0.06742964187583954	0	0.4396234288900972	-0.2917889090626831	0.08391877135728638	-0.738745904264033	-0.524104199200841	0.41747276682015466	-0.3937620795023483	1.2624478826397254	-0.4610188734311163	-0.020503238101077292
045-09-1F04	0.48557993554850176	-0.20804008501853502	0.0537370181932627	-0.1462439948424902	0.010973378576799251	-0.2433780642564247	-0.2967072226281015	0.35746999001386065	-0.13161471322332507	-0.49588510493782767	-0.2103543070918138	0.053044589687801916	0.15910288928116015	-0.16989217704655074	-0.0093279532834286
008-10053-5D03	-0.23608657342378664	-0.13808541748119804	2.718034815464948	-0.3445275069391998	0.2536920757612376	-0.08718089809873408	0.011449285366856937	-1.0195636852629983	0.27980059088458503	0.22597221838266138	-0.40097841093961234	-0.4549959054362719	-0.7740352767919867	-0.11153217278885592	-0.4643255182970178
K77-2F08	-0.05155659617129748	0.1339622047477287	-0.5196808388799339	0.07523311413903144	0.21580307663052553	-0.06401690310778878	-0.15962171027690752	0.19245249717827548	-0.1337510658005653	-0.17172572530281682	-0.37526326494614004	-0.8474108742280663	0.221799824307119	-0.43237596250732	0.8965465718164793
150055-015-1G03	0.21232141277425487	-0.5081344607837034	2.4315610163772265	-0.21198141009919638	-0.2070062600991018	0.5757499614676753	0.583070013388347	-0.5073553079089881	0.31186884856948394	-0.8778068866696354	-0.25162718493439945	-0.4530678102838621	-0.22976544176419952	-0.15908845622060752	0.5665641751906748
C1-B01	0.8168912641762641	0.803225280336363	-0.4442313328368591	0.2933451219989717	0.09720158639999214	0.46774321801598545	-0.08486967130732025	0.17903693799631193	0.6435763804162774	-0.662163116102236	-0.5516860053844622	-0.7817173941402504	-0.21635704709710493	-0.21895426456023445	0.3707386207946606
W85-2F03	-0.305317567781736	-0.47288566659615594	0.24260952653158066	-0.09108239798566763	-0.15429898776054563	-0.13659007757064576	-0.047504590284351306	-0.28024062166954794	0.5642103570703328	0.3570861683322415	-0.19936022395347638	-0.3855199286007064	0.4863658376424475	0.3550523027639269	1.2548565977270358
K77-2A09	0.5600797087530415	-0.16504139604905485	-0.14676203219200074	-0.07929875070035097	0.08347964991221309	1.049581212323856	0.7338641436904768	-0.3360768355571065	2.2317746105068177	1.3041136648741456	0.11142127617120824	1.0088015819119311	-0.9065748413272288	0.5395588041542452	1.7548858715614009
R95-2H06	-0.5195223274620663	-0.32664809756030516	-0.4828740639017985	-0.24286074448584477	-0.11793610238232691	-0.47085565309668254	-0.29514829779309737	-0.04852155496587151	-0.1789063286472671	-0.08765004131631833	-0.05788136429448928	0.28626028686488775	-0.14407685006845913	-0.25825013918324363	0.19803647790218268
R95-2E12	-0.5792678561042076	-0.6596393384286302	-0.08646795666661579	-0.5476107623076265	-0.5875689278836914	-0.4004295067443926	-0.4544064711354861	-0.9088706724823236	-0.70066787689419	-0.6044324509900698	-0.2106058310208667	-0.8647757202911962	-0.3873460553094607	-0.6916113703518779	-0.16312979193367463
56.d.01	-0.2140357080824527	0.05010897401452342	1.1837196872780411	0.6900252064350274	-0.06361206727923531	-0.24830987368478474	-0.2288989134982917	0.42888536762787993	0.2684313447255855	0.1670185482133849	-0.3199095594199841	-0.25026111181329336	-1.0090939997991542	-0.5880350139613102	-0.2687368246113719
K77-1C12	-0.46663489561931426	-0.6400329906001693	-0.13132522341395678	-0.7140055199334874	-0.780143448978627	-0.16056556137674857	-0.4242169401003561	-1.2148348788046015	-0.2400380202329036	-0.5244578090793227	-0.5397630091301625	-0.8523004589832865	-0.45264158094885865	0.37322561035170654	-0.09601239461639272
028-10134-4D06	6.749625891927984	3.114015102705885	0.7651050648883214	1.7621682588969905	0.669881587110965	3.0054183287496077	3.086601293638848	1.987703093855604	7.879176732591735	-0.0779789950272563	0.415689389428026	0.6173071483879417	1.554428824870147	0.37410799220407176	0.9138455915560117
H1N1-300-16-IgG-2E02-	0.010198267306992002	-0.5140443106326388	-0.32898521230929606	-0.36689466078095045	-0.7262456021492814	0.09432750088697606	0.22603968609374178	NA	NA	0.4779608103891161	0.7459148013523239	-0.38115638996682777	-0.07166311334227062	0.26837795525472125	1.1076741448372016
051-09-4C02	-0.4733334240801376	-0.7289864679838445	0.4663465074758098	-0.4882320213714509	-0.6769941545234447	-0.365628837337091	-0.36716159642445106	-1.2821191118818172	0.2938036594310423	-0.8719209580481578	0.02799342715684211	-0.5039803225118082	0.4735976317177441	-0.5434999458523394	0.08259413427673834
C1-C02	-0.39716639169526563	-0.9147017353891091	-0.5100916388734344	-0.38542028299451936	-0.3097302505430402	-0.3115060625316111	-0.24994798235919644	-0.7691754957107338	0.002384199361467648	-0.8077413597859302	0.76049612231127806	0.7766492478249548	0.5023678679181247	-0.35109714833243666	-0.32303695457836695
042-100809-3D03	0.2866529790593807	-0.3519229452936322	-0.2348016008977476	-0.24240963332566393	-0.48351916747814766	0.3003336231711576	0.4688362211944644	0.8916443355087752	2.5511853871520977	0.25143306946311794	0.06767142413034091	-0.7390821838862222	0.1496430519102798	-0.10665445767112286	0.44904816308557066
R95-2B05	0.29637479750472673	0.6335787286774587	3.459075425026072	0.35133950147081827	-0.5188813927875223	0.32670083275436174	0.49358917808905756	-0.5373278352583643	3.5133110392048987	-0.35300510594527057	0.1349572918496864	0.12070826161325134	-1.021635684983476	-0.22119186030357052	-0.45993769303387333
W85-2B03	-0.15092091957452608	-0.36029632764164204	-0.5178960434526819	-0.6326503934293372	-0.50436010178189	-0.1396979952818611	-0.27403976773042044	-0.9232887410196892	-0.3757290806345821	-0.8927528270220614	0.27511411876951636	-0.07001093898308502	-0.5401526263502688	-0.53218360858049	0.47506255553722226
AG3-D06	-0.14016781574876871	0.3273604010331932	-0.49499952979905454	4.888246844036079	0.6613991215688974	23.024312374647508	-0.17150586388997505	0.652594803683701	0.29060823380421674	-0.030029773889528027	0.39003063252003434	3.392660339961784	0.3192490016210025	35.60262819634909	-0.37732568439428804
K77-2G06	0.8587224538658436	0.5114640244501497	-0.27148935103802063	0.4509312523960251	1.7993085421729682	0.9736298880933797	3.023411842842869	0.0647519549437151	-0.07174860499522709	-0.5253005718713087	0.08705196573492197	0.018398039134389064	0.12455533549203916	-0.08357084865815616	0.2710212451262372
C05	1.000236015396589	1.7417878918777419	0	0.5354293891315273	1.4531762757028825	1.6402525757571225	1.1359726168191477	0.7756882486617737	1.1360063932713835	-0.3762027836120844	5.02905088010728	0.5587344062318693	3.6356375944218113	0.784912598666232	2.6572822177165234
AG10-3C01	0.11870422443296257	-0.12319616107197189	-0.36844691428944343	0.536793405733538	0.42579915201551327	0.4270663598293733	3.152564554016154	0.620519091948045	3.8613344284899958	0.36057944139815173	0.6373606140955874	0.6918883970608404	5.845251309743896	0.323359333737071	5.389306234562459
W85-1E04	1.0353760081025671	1.1011675041837423	-0.3701949409552307	0.5252905397003442	-0.2438752195835856	-0.007366536526446454	0.10895143061164808	-0.5953058803086868	-0.34050496310812484	-0.2969592115014454	-0.07447588323692642	0.004419628734238418	-0.8155642457108325	-0.22928683663392957	1.9073064194100213
C1-F02	6.688712745297678	-0.3133469575407044	6.828858938659298	0.08426736417528863	0.49620665636120515	2.5301092408390455	1.0608369633799823	1.9510301108665733	3.9612146343049046	-0.09492692913181495	2.0157256473926606	0.27115091588083917	-0.17711712175798988	0.043412242675485074	-0.5367186016760136
FISW-k.01	1.7069530662832968	0.8963043125042076	0.24219430908034498	0.873421936073536	0.3070351630729377	1.39818783115246	1.7496981541233227	-0.06674020437635869	2.883910006133808	13.788082194567894	10.206227974203328	0.293601642760038	1.1840718334570872	2.0016939921803276	3.5301316788844668
AG13-3E05	0.2792422189484525	0.4499504765530294	-0.24137662406045748	-0.2140654555976931	0.02129361012261812	0.7933764333379968	0.48204715473459187	0.641019931444578	0.3090806374683015	2.8622035324725044	1.1651649207469628	0.960852301383028	-0.18758611693454355	-9.576437357476596e-4	-0.18275635724286327
029-09-2A06	2.673410195525748	-0.0053059175977350995	-0.5400540448580178	-0.16577774801270795	-0.6743176847425261	-0.33503851900462384	-0.33699678819060014	-0.11470890025314416	42.905579422940804	4.89396192901724	7.61310405236451	0.06198350407283198	1.0524920294188025	-0.20294980267689244	-0.7054313677090167
045-09-1A01	0.18073049710307643	0.40624098141276127	3.1813243605525585	-0.17300044957864433	-0.06414537564034374	0.21432531202543698	0.3698081624689253	2.135537650067155	2.987382616508028	0.9409254523814863	23.682089334046985	-0.6499918437531483	2.30695641686877	-0.22457167797398545	-0.106712399438752
K77-2F06	-0.32023290453405384	0.23937805908902243	-0.4402860965760024	-0.1399549433536842	-0.16422781474489012	0.42479602615778006	-0.07035280256686588	0.586403427132237	0.12551206829720635	-0.6529092328795845	-0.3005366826426884	-0.43606408964710675	-0.9326236942115818	-0.5732713767291389	0.625839282259897
W85-2E02	1.1300754757661247	0.05655384746259868	0.05237508009371473	1.2408051392713717	0.5541996425132222	0.9297672807478485	1.2103691386386943	0.45434804586880073	1.2115152854262874	-0.09266890470740274	-0.15685722294961096	-0.51644691736786	0.06713845752523898	0.22258246186131328	-0.11627057230635857
013-10-4A03	-0.07040883285302557	-0.49056368768467	-0.3807690694745012	-0.45208540519461243	-0.7020880611336618	-0.0334605161906176	0.07890740212016288	0.28789133965864544	3.7739392484019496	-0.7235512377753872	-0.2721695165822178	-0.2546425112412111	-1.1983007834863375	-0.5516034320898204	0.1250743063681242
AG11-3C06	1.7069530662832968	6.628952357561388	0.24219430908034498	1.2959126197510469	1.671488868584777	1.39818783115246	1.7496981541233227	-1.276553647450139	-0.805089932896695	-0.4126447118935929	0.06824664662257271	-0.8245013800826999	-0.8561279681006821	-0.2748733923703688	-0.02854037372374473
S8V1-146-Ig	3.4731885108744476	-0.05608852520726088	0.04648953622919336	0.1898900350946662	1.4203311251424766	2.235559474806145	1.2432570715586064	6.852971752752049	1.8957215253902444	0.9100328136431749	1.5431919103672729	1.3742312576899998	0.5226474849211478	0.9116284013998239	-0.19761847892583279
01.l.01	0.6439432691468435	-0.5295513683163424	-0.11401937063450128	-0.07416664220377812	-0.39380646978227035	0.5719776671191787	0.7872068011120456	1.211857323301534	2.3767843569674	-0.3968806214852711	0.05315777128389487	0.451766548109843	0.19470903048173788	-0.11938836805120111	-0.8744600781368647
C1-3A03	1.1606160540876223	-0.15753063205188927	-0.23113282588372033	-0.2363740521302709	-0.7135270778358577	0.3093871296075493	0.4792602273761	-0.032321651387756584	4.736064900454751	-0.5965177553856216	-0.15734464111984356	-0.06026503845894998	-0.8411058774380186	-0.45804586597969793	-0.6791730330744442
2-12C	-0.2793919997262251	3.930562118900576	-0.49927165920392463	0.06734094877752468	0.10622876867685527	-0.22113113420496552	-0.22678478831814047	-0.2787125805761032	0.428521594681435	-0.2668769987675589	80.6973334594085	0.30075046460284605	-0.476274643574467	-0.358153794414397	-0.9098537043454891
039-10-4G01	1.9565309845164813	0.3737144915682499	-0.25314547596788417	-9.863855099433848e-4	0.6406432934214258	0.39086868753507426	0.416716190286286	-0.17660913109922594	1.2411475829545981	-0.38441983937706586	0.0816074346565436	-0.10212215769204348	-6.676223924266183e-4	-0.26562235632661296	-1.1239980446778792
R95-1D02	4.746546956166933	0.8835308305671568	1.2327084047131753	2.171822844831542	0.8419501464476395	3.921736197727819	4.638438693848736	5.683567034934446	11.374983958316582	1.522257208772518	2.3236084998346227	0.21496460248915153	0.10480882794231099	1.5474999960217843	2.394363351226548
W85-2G05	4.993542638441885	0.9218512763783094	1.3429371295976222	2.079036271655124	0.8745496429377413	3.956036504570731	4.7283822672464675	0.8422709311458361	5.084866960824146	1.0849540693944155	1.766168078786516	-0.0995835585943934	-0.3130298290365258	1.093305999863241	-0.5320677473325917
R95-1F02	2.0971937892802077	0.31975921710250615	0.37060143457130057	0.6621765942347807	0.465213531284189	1.715060556426168	2.1145383704805716	2.357289486011302	8.753128544573702	2.9933944742859344	3.93502323741212	3.1580326942496706	2.750966797127725	5.883333223620371	1.483929571794805
D1-H1-17-H3-14	4.993542638441885	0.48944245482703336	22.09383122104911	1.4453002461388573	0.465213531284189	3.0054183287496077	3.633861618174721	1.4460239269959658	6.483968513317175	1.1146659305493862	1.935981446831955	0.012789068188981238	-0.27813317844801333	1.2412056212340177	-0.2858816503709442
AG8-2B02	3.2679159582709407	0.31975921710250615	0.7558228110441677	1.2959126197510469	0.8745496429377413	2.6656787322472915	3.2090590195523174	NA	NA	0.6091517522025467	1.2476111802956205	-0.0036985966665737395	-0.7633158732201991	0.67715255179741	-0.8417468129344015
AG13-3B01	7.334986976423351	1.7866689194808616	2.1133798825433567	8.416396526817786	1.6932218662448446	30.031067461929208	6.91742356538996	0.8422709311458361	5.084866960824146	3.6493491833530878	4.771183868984282	1.5629601543401268	5.884756724469	15.056905655545945	1.483929571794805
K77-2D08	7.334986976423351	1.7866689194808616	2.1133798825433567	3.346508322687656	2.8282508259744525	5.857272856212978	6.91742356538996	-0.06674020437635869	2.883910006133808	2.708206821217437	3.923325201326535	2.5066046375907627	1.2423096802782165	2.857283733358417	1.1649487975061514
300-16-IgG-2E02	NA	NA	NA	NA	NA	NA	NA	2.357289486011302	8.753128544573702	NA	NA	NA	NA	NA	NA
K77-1C10	NA	NA	NA	NA	NA	NA	NA	NA	NA	1.9595603481506194	2.88104892088273	0.5295127635726965	0.5226474849211478	2.0016939921803276	0.30405542368430527
