mouse_id	ab	exp	dpi	weight_pct														
M1	2F01	Control	1	97.50795334														
M1	2F01	Control	2	98.46235419														
M1	2F01	Control	3	90.98621421														
M1	2F01	Control	4	80.54082715														
M1	2F01	Control	5	78.79109226														
M1	2F01	Control	6	75.55673383														
M1	2F01	Control	7	72.26935313														
M2	2F01	Control	1	99.08306365														
M2	2F01	Control	2	101.3484358														
M2	2F01	Control	3	92.93419633														
M2	2F01	Control	4	84.14239482														
M2	2F01	Control	5	79.66558792														
M2	2F01	Control	6	76.96871629														
M2	2F01	Control	7	73.08522114														
M3	2F01	Control	1	102.3822415														
M3	2F01	Control	2	101.6242555														
M3	2F01	Control	3	93.61126151														
M3	2F01	Control	4	86.03140227														
M3	2F01	Control	5	80.88792637														
M3	2F01	Control	6	77.1521386														
M3	2F01	Control	7	73.09149973														
M4	2F01	Control	1	100.9381898														
M4	2F01	Control	2	103.3112583														
M4	2F01	Control	3	96.30242826														
M4	2F01	Control	4	89.2384106														
M4	2F01	Control	5	83.94039735														
M4	2F01	Control	6	80.18763797														
M4	2F01	Control	7	76.26931567														
M4	2F01	Control	8	71.68874172														
M5	2F01	Control	1	98.16063765														
M5	2F01	Control	2	99.50950337														
M5	2F01	Control	3	98.52851012														
M5	2F01	Control	4	96.32127529														
M5	2F01	Control	5	94.35928878														
M5	2F01	Control	6	92.0294298														
M5	2F01	Control	7	89.14776211														
M5	2F01	Control	8	79.88963826														
M5	2F01	Control	9	74.18761496														
M6	2F01	Treatment	1	99.6646171														
M6	2F01	Treatment	2	100.5589715														
M6	2F01	Treatment	3	91.61542761														
M6	2F01	Treatment	4	83.95751817														
M6	2F01	Treatment	5	81.1626607														
M6	2F01	Treatment	6	76.80268306														
M6	2F01	Treatment	7	73.784237														
M7	2F01	Treatment	1	96.87163														
M7	2F01	Treatment	2	94.82201														
M7	2F01	Treatment	3	95.36138														
M7	2F01	Treatment	4	94.06688														
M7	2F01	Treatment	5	92.34088														
M7	2F01	Treatment	6	88.78101														
M7	2F01	Treatment	7	90.61489														
M7	2F01	Treatment	8	95.79288														
M7	2F01	Treatment	9	96.548														
M7	2F01	Treatment	10	98.65156														
M7	2F01	Treatment	11	100.7012														
M7	2F01	Treatment	12	103.0744														
M7	2F01	Treatment	13	103.1823														
M7	2F01	Treatment	14	103.0744														
M8	2F01	Treatment	1	96.23717218														
M8	2F01	Treatment	2	97.09236032														
M8	2F01	Treatment	3	88.54047891														
M8	2F01	Treatment	4	81.4709236														
M8	2F01	Treatment	5	78.27822121														
M8	2F01	Treatment	6	73.77423033														
M8	2F01	Treatment	7	70.58152794														
M9	2F01	Treatment	1	98.06326662														
M9	2F01	Treatment	2	101.6139445														
M9	2F01	Treatment	3	91.22014203														
M9	2F01	Treatment	4	86.76565526														
M9	2F01	Treatment	5	80.89089735														
M9	2F01	Treatment	6	77.21110394														
M9	2F01	Treatment	7	74.24144609														
M10	2F01	Treatment	1	98.66908651														
M10	2F01	Treatment	2	101.8753781														
M10	2F01	Treatment	3	95.22081065														
M10	2F01	Treatment	4	85.11796733														
M10	2F01	Treatment	5	81.18572293														
M10	2F01	Treatment	6	78.76588022														
M10	2F01	Treatment	7	73.98669087														
M11	2F01	Protection	1	100.3636364														
M11	2F01	Protection	2	101.974026														
M11	2F01	Protection	3	100.8831169														
M11	2F01	Protection	4	95.22077922														
M11	2F01	Protection	5	92.77922078														
M11	2F01	Protection	6	93.61038961														
M11	2F01	Protection	7	89.66233766														
M11	2F01	Protection	8	84.72727273														
M11	2F01	Protection	9	85.19480519														
M11	2F01	Protection	10	89.50649351														
M11	2F01	Protection	11	92.93506494														
M11	2F01	Protection	12	94.7012987														
M11	2F01	Protection	13	97.55844156														
M11	2F01	Protection	14	98.33766234														
M12	2F01	Protection	1	98.70422535														
M12	2F01	Protection	2	101.0140845														
M12	2F01	Protection	3	100.2253521														
M12	2F01	Protection	4	97.01408451														
M12	2F01	Protection	5	92.84507042														
M12	2F01	Protection	6	93.8028169														
M12	2F01	Protection	7	89.63380282														
M12	2F01	Protection	8	87.49295775														
M12	2F01	Protection	9	89.74647887														
M12	2F01	Protection	10	94.1971831														
M12	2F01	Protection	11	97.12676056														
M12	2F01	Protection	12	100.1690141														
M12	2F01	Protection	13	100.7887324														
M12	2F01	Protection	14	101.5211268														
M13	2F01	Protection	1	99.38854919														
M13	2F01	Protection	2	101.8899389														
M13	2F01	Protection	3	97.8877154														
M13	2F01	Protection	4	90.60589216														
M13	2F01	Protection	5	92.49583102														
M13	2F01	Protection	6	91.10617009														
M13	2F01	Protection	7	83.21289605														
M13	2F01	Protection	8	76.76486937														
M13	2F01	Protection	9	76.15341857														
M13	2F01	Protection	10	77.2651473														
M13	2F01	Protection	11	80.32240133														
M13	2F01	Protection	12	87.71539744														
M13	2F01	Protection	13	89.54974986														
M13	2F01	Protection	14	93.60755976														
M14	2F01	Protection	1	98.80817253														
M14	2F01	Protection	2	101.0783201														
M14	2F01	Protection	3	99.37570942														
M14	2F01	Protection	4	93.92735528														
M14	2F01	Protection	5	94.15437003														
M14	2F01	Protection	6	91.71396141														
M14	2F01	Protection	7	91.65720772														
M14	2F01	Protection	8	91.14642452														
M14	2F01	Protection	9	93.64358683														
M14	2F01	Protection	10	98.01362089														
M14	2F01	Protection	11	101.645857														
M14	2F01	Protection	12	102.7809308														
M14	2F01	Protection	13	103.461975														
M14	2F01	Protection	14	103.4052213														
M15	2F01	Protection	1	98.5043837														
M15	2F01	Protection	2	100.2062919														
M15	2F01	Protection	3	99.07168644														
M15	2F01	Protection	4	98.0917999														
M15	2F01	Protection	5	96.3898917														
M15	2F01	Protection	6	96.69932955														
M15	2F01	Protection	7	93.96596184														
M15	2F01	Protection	8	86.43630737														
M15	2F01	Protection	9	85.30170191														
M15	2F01	Protection	10	90.09798865														
M15	2F01	Protection	11	93.81124291														
M15	2F01	Protection	12	94.01753481														
M15	2F01	Protection	13	95.04899433														
M15	2F01	Protection	14	95.61629706														
M16	16.ND.92	Control	1	97.00854701														
M16	16.ND.92	Control	2	97.68009768														
M16	16.ND.92	Control	3	88.82783883														
M16	16.ND.92	Control	4	83.15018315														
M16	16.ND.92	Control	5	76.31257631														
M16	16.ND.92	Control	6	75.64102564														
M16	16.ND.92	Control	7	70.32967033														
M17	16.ND.92	Control	1	99.84583762														
M17	16.ND.92	Control	2	100.7194245														
M17	16.ND.92	Control	3	90.39054471														
M17	16.ND.92	Control	4	82.47687564														
M17	16.ND.92	Control	5	77.80061665														
M17	16.ND.92	Control	6	75.02569373														
M17	16.ND.92	Control	7	70.81192189														
M18	16.ND.92	Control	1	96.47786768														
M18	16.ND.92	Control	2	97.09662066														
M18	16.ND.92	Control	3	93.76487387														
M18	16.ND.92	Control	4	88.86244645														
M18	16.ND.92	Control	5	84.72156116														
M18	16.ND.92	Control	6	83.76963351														
M18	16.ND.92	Control	7	76.39219419														
M18	16.ND.92	Control	8	73.44121847														
M19	16.ND.92	Control	1	99.32955132														
M19	16.ND.92	Control	2	100.051573														
M19	16.ND.92	Control	3	94.73955647														
M19	16.ND.92	Control	4	86.90046416														
M19	16.ND.92	Control	5	80.09283136														
M19	16.ND.92	Control	6	75.09025271														
M19	16.ND.92	Control	7	71.42857143														
M20	16.ND.92	Control	1	99.23034634														
M20	16.ND.92	Control	2	100.4398021														
M20	16.ND.92	Control	3	92.85321605														
M20	16.ND.92	Control	4	85.65145684														
M20	16.ND.92	Control	5	82.07806487														
M20	16.ND.92	Control	6	77.73501924														
M20	16.ND.92	Control	7	71.8526663														
M21	16.ND.92	Treatment	1	98.39211618														
M21	16.ND.92	Treatment	2	100.3112033														
M21	16.ND.92	Treatment	3	96.73236515														
M21	16.ND.92	Treatment	4	91.23443983														
M21	16.ND.92	Treatment	5	94.13900415														
M21	16.ND.92	Treatment	6	94.50207469														
M21	16.ND.92	Treatment	7	93.46473029														
M21	16.ND.92	Treatment	8	97.04356846														
M21	16.ND.92	Treatment	9	97.87344398														
M21	16.ND.92	Treatment	10	96.68049793														
M21	16.ND.92	Treatment	11	99.27385892														
M21	16.ND.92	Treatment	12	98.34024896														
M21	16.ND.92	Treatment	13	99.27385892														
M21	16.ND.92	Treatment	14	99.7406639														
M22	16.ND.92	Treatment	1	100.2831257														
M22	16.ND.92	Treatment	2	99.66024915														
M22	16.ND.92	Treatment	3	96.43261608														
M22	16.ND.92	Treatment	4	88.16534541														
M22	16.ND.92	Treatment	5	83.46545866														
M22	16.ND.92	Treatment	6	80.01132503														
M22	16.ND.92	Treatment	7	73.49943375														
M23	16.ND.92	Treatment	1	97.12548369														
M23	16.ND.92	Treatment	2	98.12050857														
M23	16.ND.92	Treatment	3	95.7435047														
M23	16.ND.92	Treatment	4	91.15533444														
M23	16.ND.92	Treatment	5	90.87893864														
M23	16.ND.92	Treatment	6	91.87396352														
M23	16.ND.92	Treatment	7	88.88888889														
M23	16.ND.92	Treatment	8	88.72305141														
M23	16.ND.92	Treatment	9	93.14538419														
M23	16.ND.92	Treatment	10	92.64787175														
M23	16.ND.92	Treatment	11	94.9143173														
M23	16.ND.92	Treatment	12	96.95964621														
M23	16.ND.92	Treatment	13	95.4671089														
M23	16.ND.92	Treatment	14	96.46213378														
M24	16.ND.92	Treatment	1	104.7196002														
M24	16.ND.92	Treatment	2	102.665186														
M24	16.ND.92	Treatment	3	102.276513														
M24	16.ND.92	Treatment	4	99.77790117														
M24	16.ND.92	Treatment	5	102.1099389														
M24	16.ND.92	Treatment	6	103.3314825														
M24	16.ND.92	Treatment	7	102.7762354														
M24	16.ND.92	Treatment	8	102.7207107														
M24	16.ND.92	Treatment	9	105.8856191														
M24	16.ND.92	Treatment	10	105.9966685														
M24	16.ND.92	Treatment	11	107.8289839														
M24	16.ND.92	Treatment	12	108.8284287														
M24	16.ND.92	Treatment	13	110.8828429														
M24	16.ND.92	Treatment	14	110.9383676														
M25	16.ND.92	Treatment	1	97.68211921														
M25	16.ND.92	Treatment	2	99.85808893														
M25	16.ND.92	Treatment	3	101.4191107														
M25	16.ND.92	Treatment	4	101.2771996														
M25	16.ND.92	Treatment	5	99.81078524														
M25	16.ND.92	Treatment	6	98.81740776														
M25	16.ND.92	Treatment	7	96.59413434														
M25	16.ND.92	Treatment	8	94.32355724														
M25	16.ND.92	Treatment	9	94.18164617														
M25	16.ND.92	Treatment	10	97.72942289														
M25	16.ND.92	Treatment	11	101.371807														
M25	16.ND.92	Treatment	12	103.2166509														
M25	16.ND.92	Treatment	13	102.4597919														
M25	16.ND.92	Treatment	14	102.5543992														
M26	16.ND.92	Protection	1	94.24050633														
M26	16.ND.92	Protection	2	97.08860759														
M26	16.ND.92	Protection	3	98.98734177														
M26	16.ND.92	Protection	4	99.43037975														
M26	16.ND.92	Protection	5	99.81012658														
M26	16.ND.92	Protection	6	98.10126582														
M26	16.ND.92	Protection	7	96.26582278														
M26	16.ND.92	Protection	8	95														
M26	16.ND.92	Protection	9	87.59493671														
M26	16.ND.92	Protection	10	91.7721519														
M26	16.ND.92	Protection	11	94.49367089														
M26	16.ND.92	Protection	12	98.16455696														
M26	16.ND.92	Protection	13	97.02531646														
M26	16.ND.92	Protection	14	99.74683544														
M27	16.ND.92	Protection	1	97.67671775														
M27	16.ND.92	Protection	2	97.67671775														
M27	16.ND.92	Protection	3	98.91250618														
M27	16.ND.92	Protection	4	99.80227385														
M27	16.ND.92	Protection	5	99.50568463														
M27	16.ND.92	Protection	6	96.83638161														
M27	16.ND.92	Protection	7	96.93524469														
M27	16.ND.92	Protection	8	94.95798319														
M27	16.ND.92	Protection	9	95.60059318														
M27	16.ND.92	Protection	10	96.39149778														
M27	16.ND.92	Protection	11	98.12160158														
M27	16.ND.92	Protection	12	99.65397924														
M27	16.ND.92	Protection	13	100														
M27	16.ND.92	Protection	14	101.0874938														
M28	16.ND.92	Protection	1	96.53827401														
M28	16.ND.92	Protection	2	96.05070697														
M28	16.ND.92	Protection	3	95.31935641														
M28	16.ND.92	Protection	4	95.85568016														
M28	16.ND.92	Protection	5	94.14919551														
M28	16.ND.92	Protection	6	94.49049244														
M28	16.ND.92	Protection	7	95.75816675														
M28	16.ND.92	Protection	8	95.95319356														
M28	16.ND.92	Protection	9	95.07557289														
M28	16.ND.92	Protection	10	93.36908825														
M28	16.ND.92	Protection	11	96.3432472														
M28	16.ND.92	Protection	12	95.46562652														
M28	16.ND.92	Protection	13	97.85470502														
M28	16.ND.92	Protection	14	98.14724525														
M29	16.ND.92	Protection	1	92.40702479														
M29	16.ND.92	Protection	2	92.30371901														
M29	16.ND.92	Protection	3	93.85330579														
M29	16.ND.92	Protection	4	95.04132231														
M29	16.ND.92	Protection	5	94.73140496														
M29	16.ND.92	Protection	6	92.97520661														
M29	16.ND.92	Protection	7	95.76446281														
M29	16.ND.92	Protection	8	95.8677686														
M29	16.ND.92	Protection	9	92.45867769														
M29	16.ND.92	Protection	10	93.90495868														
M29	16.ND.92	Protection	11	95.45454545														
M29	16.ND.92	Protection	12	95.91942149														
M29	16.ND.92	Protection	13	96.28099174														
M29	16.ND.92	Protection	14	97.98553719														
M30	16.ND.92	Protection	1	96.47177419														
M30	16.ND.92	Protection	2	99.49596774														
M30	16.ND.92	Protection	3	98.73991935														
M30	16.ND.92	Protection	4	97.78225806														
M30	16.ND.92	Protection	5	99.49596774														
M30	16.ND.92	Protection	6	98.13508065														
M30	16.ND.92	Protection	7	98.6391129														
M30	16.ND.92	Protection	8	96.52217742														
M30	16.ND.92	Protection	9	98.4375														
M30	16.ND.92	Protection	10	99.64717742														
M30	16.ND.92	Protection	11	99.64717742														
M30	16.ND.92	Protection	12	100.2520161														
M30	16.ND.92	Protection	13	100.6552419														
M30	16.ND.92	Protection	14	101.3608871														